hmin_interval,num_trips
2.0,125191
3.0,213878
4.0,371770
5.0,546105
6.0,708512
7.0,854414
8.0,970393
9.0,1057966
10.0,1118032
11.0,1148664
12.0,1161482
13.0,1154412
14.0,1139003
15.0,1109561
16.0,1073853
17.0,1027150
18.0,979898
19.0,930299
20.0,883244
21.0,835463
22.0,790573
23.0,746453
24.0,704727
25.0,665676
26.0,628827
27.0,594282
28.0,560976
29.0,531593
30.0,502572
31.0,475818
32.0,453264
33.0,430228
34.0,409397
35.0,389263
36.0,372088
37.0,356142
38.0,340531
39.0,326860
40.0,313756
41.0,299950
42.0,288458
43.0,276512
44.0,264438
45.0,253735
46.0,243424
47.0,233931
48.0,223953
49.0,213994
50.0,203767
51.0,194684
52.0,187237
53.0,177692
54.0,169826
55.0,160227
56.0,151323
57.0,143539
58.0,136014
59.0,126950
60.0,119511
61.0,111840
62.0,105565
63.0,98849
64.0,93156
65.0,88504
66.0,83000
67.0,77955
68.0,73487
69.0,68767
70.0,65396
71.0,61469
72.0,58145
73.0,54944
74.0,51435
75.0,48618
76.0,45640
77.0,42773
78.0,40506
79.0,38078
80.0,36014
81.0,33516
82.0,31641
83.0,29635
84.0,27823
85.0,25970
86.0,24412
87.0,22749
88.0,21314
89.0,19401
90.0,18297
91.0,16882
92.0,15721
93.0,14833
94.0,14077
95.0,13524
96.0,12510
97.0,12017
98.0,11762
99.0,11005
100.0,10628
101.0,10085
102.0,9723
103.0,9332
104.0,8936
105.0,8666
106.0,8300
107.0,8021
108.0,7942
109.0,7468
110.0,7243
111.0,7146
112.0,6731
113.0,6693
114.0,6551
115.0,6422
116.0,5921
117.0,5858
118.0,5682
119.0,5413
120.0,5205
121.0,5074
122.0,5056
123.0,4918
124.0,4692
125.0,4412
126.0,4395
127.0,4264
128.0,4101
129.0,4020
130.0,3947
131.0,3857
132.0,3692
133.0,3597
134.0,3636
135.0,3473
136.0,3383
137.0,3430
138.0,3223
139.0,3139
140.0,3251
141.0,3107
142.0,3015
143.0,2967
144.0,2897
145.0,2841
146.0,2856
147.0,2743
148.0,2659
149.0,2692
150.0,2544
151.0,2594
152.0,2448
153.0,2430
154.0,2453
155.0,2399
156.0,2337
157.0,2316
158.0,2300
159.0,2183
160.0,2201
161.0,2228
162.0,2146
163.0,2013
164.0,2019
165.0,2052
166.0,1986
167.0,1974
168.0,1871
169.0,1937
170.0,1931
171.0,1787
172.0,1827
173.0,1767
174.0,1732
175.0,1656
176.0,1729
177.0,1717
178.0,1631
179.0,1672
180.0,1573
181.0,1570
182.0,1528
183.0,1512
184.0,1420
185.0,1440
186.0,1444
187.0,1423
188.0,1413
189.0,1413
190.0,1388
191.0,1393
192.0,1293
193.0,1321
194.0,1287
195.0,1348
196.0,1247
197.0,1272
198.0,1273
199.0,1231
200.0,1258
201.0,1228
202.0,1107
203.0,1221
204.0,1127
205.0,1169
206.0,1154
207.0,1067
208.0,1051
209.0,1113
210.0,1121
211.0,1041
212.0,1066
213.0,980
214.0,977
215.0,1027
216.0,983
217.0,947
218.0,1043
219.0,974
220.0,955
221.0,940
222.0,904
223.0,900
224.0,887
225.0,924
226.0,909
227.0,952
228.0,849
229.0,906
230.0,817
231.0,859
232.0,771
233.0,866
234.0,836
235.0,860
236.0,818
237.0,770
238.0,771
239.0,775
240.0,829
241.0,777
242.0,709
243.0,716
244.0,754
245.0,746
246.0,731
247.0,757
248.0,723
249.0,728
250.0,666
251.0,706
252.0,671
253.0,636
254.0,641
255.0,678
256.0,676
257.0,605
258.0,624
259.0,623
260.0,631
261.0,628
262.0,611
263.0,617
264.0,580
265.0,588
266.0,581
267.0,584
268.0,608
269.0,582
270.0,601
271.0,565
272.0,571
273.0,533
274.0,520
275.0,512
276.0,574
277.0,560
278.0,538
279.0,552
280.0,553
281.0,485
282.0,493
283.0,472
284.0,525
285.0,498
286.0,485
287.0,478
288.0,492
289.0,494
290.0,459
291.0,507
292.0,475
293.0,482
294.0,478
295.0,474
296.0,450
297.0,489
298.0,496
299.0,433
300.0,453
301.0,399
302.0,398
303.0,445
304.0,389
305.0,430
306.0,432
307.0,444
308.0,402
309.0,388
310.0,393
311.0,389
312.0,396
313.0,422
314.0,372
315.0,441
316.0,413
317.0,392
318.0,393
319.0,374
320.0,385
321.0,379
322.0,376
323.0,356
324.0,358
325.0,372
326.0,396
327.0,325
328.0,350
329.0,364
330.0,355
331.0,394
332.0,338
333.0,358
334.0,349
335.0,325
336.0,313
337.0,309
338.0,348
339.0,317
340.0,345
341.0,320
342.0,345
343.0,315
344.0,338
345.0,338
346.0,324
347.0,309
348.0,298
349.0,302
350.0,265
351.0,300
352.0,291
353.0,303
354.0,284
355.0,293
356.0,281
357.0,284
358.0,287
359.0,284
360.0,273
361.0,270
362.0,277
363.0,274
364.0,257
365.0,274
366.0,267
367.0,273
368.0,263
369.0,275
370.0,276
371.0,271
372.0,287
373.0,264
374.0,291
375.0,287
376.0,273
377.0,272
378.0,250
379.0,258
380.0,266
381.0,248
382.0,248
383.0,260
384.0,238
385.0,266
386.0,267
387.0,238
388.0,251
389.0,261
390.0,249
391.0,261
392.0,281
393.0,248
394.0,231
395.0,228
396.0,223
397.0,250
398.0,227
399.0,235
400.0,226
401.0,223
402.0,234
403.0,224
404.0,241
405.0,244
406.0,206
407.0,221
408.0,220
409.0,200
410.0,247
411.0,201
412.0,221
413.0,217
414.0,211
415.0,198
416.0,204
417.0,175
418.0,214
419.0,210
420.0,188
421.0,224
422.0,176
423.0,195
424.0,176
425.0,159
426.0,188
427.0,191
428.0,190
429.0,194
430.0,183
431.0,168
432.0,167
433.0,184
434.0,177
435.0,189
436.0,157
437.0,171
438.0,183
439.0,165
440.0,168
441.0,146
442.0,180
443.0,186
444.0,183
445.0,185
446.0,165
447.0,155
448.0,181
449.0,151
450.0,184
451.0,157
452.0,179
453.0,166
454.0,158
455.0,166
456.0,172
457.0,149
458.0,169
459.0,145
460.0,170
461.0,141
462.0,156
463.0,139
464.0,161
465.0,137
466.0,148
467.0,146
468.0,140
469.0,138
470.0,134
471.0,164
472.0,123
473.0,147
474.0,138
475.0,126
476.0,147
477.0,118
478.0,128
479.0,110
480.0,126
481.0,141
482.0,149
483.0,145
484.0,131
485.0,126
486.0,154
487.0,169
488.0,117
489.0,107
490.0,128
491.0,141
492.0,128
493.0,142
494.0,124
495.0,122
496.0,117
497.0,144
498.0,120
499.0,129
500.0,142
501.0,155
502.0,133
503.0,109
504.0,146
505.0,131
506.0,130
507.0,151
508.0,112
509.0,107
510.0,120
511.0,117
512.0,132
513.0,112
514.0,108
515.0,116
516.0,128
517.0,114
518.0,114
519.0,115
520.0,120
521.0,125
522.0,99
523.0,116
524.0,125
525.0,103
526.0,112
527.0,108
528.0,97
529.0,90
530.0,108
531.0,105
532.0,114
533.0,110
534.0,125
535.0,114
536.0,91
537.0,117
538.0,107
539.0,103
540.0,99
541.0,97
542.0,90
543.0,101
544.0,81
545.0,100
546.0,106
547.0,97
548.0,84
549.0,112
550.0,101
551.0,97
552.0,96
553.0,90
554.0,125
555.0,90
556.0,100
557.0,106
558.0,108
559.0,100
560.0,105
561.0,105
562.0,92
563.0,108
564.0,107
565.0,99
566.0,96
567.0,95
568.0,91
569.0,86
570.0,90
571.0,85
572.0,82
573.0,92
574.0,94
575.0,77
576.0,81
577.0,88
578.0,97
579.0,99
580.0,77
581.0,104
582.0,82
583.0,90
584.0,73
585.0,107
586.0,84
587.0,68
588.0,69
589.0,88
590.0,69
591.0,72
592.0,80
593.0,96
594.0,75
595.0,84
596.0,87
597.0,83
598.0,71
599.0,85
600.0,67
601.0,62
602.0,70
603.0,72
604.0,54
605.0,68
606.0,54
607.0,74
608.0,75
609.0,77
610.0,57
611.0,72
612.0,65
613.0,66
614.0,87
615.0,68
616.0,64
617.0,50
618.0,67
619.0,87
620.0,83
621.0,79
622.0,54
623.0,74
624.0,59
625.0,69
626.0,77
627.0,74
628.0,66
629.0,62
630.0,72
631.0,60
632.0,56
633.0,71
634.0,53
635.0,61
636.0,69
637.0,58
638.0,56
639.0,73
640.0,58
641.0,41
642.0,56
643.0,72
644.0,52
645.0,59
646.0,58
647.0,53
648.0,76
649.0,76
650.0,68
651.0,54
652.0,46
653.0,59
654.0,56
655.0,48
656.0,59
657.0,53
658.0,51
659.0,43
660.0,52
661.0,72
662.0,59
663.0,67
664.0,59
665.0,64
666.0,57
667.0,57
668.0,56
669.0,58
670.0,66
671.0,47
672.0,51
673.0,54
674.0,45
675.0,60
676.0,52
677.0,48
678.0,63
679.0,46
680.0,67
681.0,63
682.0,64
683.0,60
684.0,53
685.0,58
686.0,32
687.0,51
688.0,38
689.0,56
690.0,51
691.0,62
692.0,56
693.0,52
694.0,48
695.0,60
696.0,46
697.0,42
698.0,48
699.0,55
700.0,50
701.0,47
702.0,55
703.0,54
704.0,39
705.0,59
706.0,64
707.0,54
708.0,48
709.0,52
710.0,49
711.0,46
712.0,43
713.0,49
714.0,44
715.0,53
716.0,57
717.0,36
718.0,51
719.0,41
720.0,41
721.0,40
722.0,46
723.0,41
724.0,39
725.0,42
726.0,46
727.0,34
728.0,33
729.0,40
730.0,34
731.0,39
732.0,43
733.0,31
734.0,44
735.0,29
736.0,46
737.0,32
738.0,41
739.0,40
740.0,33
741.0,47
742.0,38
743.0,53
744.0,34
745.0,38
746.0,39
747.0,35
748.0,39
749.0,34
750.0,49
751.0,37
752.0,35
753.0,34
754.0,38
755.0,43
756.0,36
757.0,29
758.0,33
759.0,40
760.0,37
761.0,42
762.0,36
763.0,37
764.0,37
765.0,30
766.0,38
767.0,24
768.0,30
769.0,35
770.0,30
771.0,35
772.0,32
773.0,35
774.0,36
775.0,36
776.0,36
777.0,29
778.0,41
779.0,37
780.0,34
781.0,42
782.0,37
783.0,36
784.0,31
785.0,35
786.0,33
787.0,28
788.0,31
789.0,24
790.0,52
791.0,45
792.0,33
793.0,29
794.0,40
795.0,29
796.0,33
797.0,36
798.0,35
799.0,29
800.0,32
801.0,27
802.0,28
803.0,32
804.0,26
805.0,34
806.0,32
807.0,27
808.0,26
809.0,34
810.0,30
811.0,35
812.0,36
813.0,40
814.0,38
815.0,24
816.0,29
817.0,22
818.0,33
819.0,35
820.0,40
821.0,28
822.0,24
823.0,37
824.0,29
825.0,31
826.0,24
827.0,32
828.0,29
829.0,20
830.0,28
831.0,26
832.0,7
833.0,31
834.0,37
835.0,37
836.0,27
837.0,24
838.0,28
839.0,32
840.0,31
841.0,38
842.0,28
843.0,18
844.0,29
845.0,24
846.0,23
847.0,20
848.0,34
849.0,31
850.0,25
851.0,20
852.0,18
853.0,24
854.0,22
855.0,33
856.0,24
857.0,24
858.0,23
859.0,28
860.0,35
861.0,20
862.0,42
863.0,18
864.0,34
865.0,19
866.0,20
867.0,22
868.0,31
869.0,24
870.0,28
871.0,20
872.0,26
873.0,28
874.0,24
875.0,27
876.0,20
877.0,20
878.0,25
879.0,27
880.0,21
881.0,23
882.0,19
883.0,37
884.0,31
885.0,23
886.0,26
887.0,25
888.0,29
889.0,35
890.0,28
891.0,17
892.0,25
893.0,25
894.0,21
895.0,24
896.0,22
897.0,23
898.0,26
899.0,34
900.0,22
901.0,21
902.0,29
903.0,25
904.0,34
905.0,33
906.0,27
907.0,28
908.0,28
909.0,31
910.0,24
911.0,31
912.0,29
913.0,27
914.0,22
915.0,27
916.0,21
917.0,40
918.0,33
919.0,26
920.0,20
921.0,20
922.0,25
923.0,27
924.0,19
925.0,27
926.0,18
927.0,22
928.0,25
929.0,22
930.0,21
931.0,34
932.0,25
933.0,25
934.0,18
935.0,24
936.0,21
937.0,19
938.0,25
939.0,33
940.0,18
941.0,16
942.0,22
943.0,26
944.0,23
945.0,32
946.0,23
947.0,24
948.0,26
949.0,28
950.0,21
951.0,12
952.0,26
953.0,21
954.0,29
955.0,29
956.0,23
957.0,25
958.0,32
959.0,21
960.0,20
961.0,24
962.0,14
963.0,23
964.0,25
965.0,23
966.0,25
967.0,24
968.0,23
969.0,29
970.0,20
971.0,18
972.0,16
973.0,21
974.0,24
975.0,24
976.0,16
977.0,17
978.0,19
979.0,20
980.0,24
981.0,13
982.0,28
983.0,31
984.0,25
985.0,21
986.0,31
987.0,18
988.0,17
989.0,18
990.0,20
991.0,22
992.0,26
993.0,18
994.0,23
995.0,19
996.0,27
997.0,25
998.0,25
999.0,20
1000.0,20
1001.0,18
1002.0,26
1003.0,24
1004.0,22
1005.0,24
1006.0,18
1007.0,16
1008.0,24
1009.0,22
1010.0,22
1011.0,18
1012.0,25
1013.0,11
1014.0,29
1015.0,21
1016.0,27
1017.0,20
1018.0,21
1019.0,18
1020.0,28
1021.0,10
1022.0,19
1023.0,19
1024.0,21
1025.0,25
1026.0,27
1027.0,25
1028.0,16
1029.0,30
1030.0,19
1031.0,13
1032.0,28
1033.0,18
1034.0,25
1035.0,25
1036.0,18
1037.0,26
1038.0,18
1039.0,31
1040.0,28
1041.0,19
1042.0,15
1043.0,25
1044.0,31
1045.0,26
1046.0,29
1047.0,27
1048.0,19
1049.0,23
1050.0,10
1051.0,20
1052.0,21
1053.0,23
1054.0,27
1055.0,17
1056.0,24
1057.0,24
1058.0,27
1059.0,30
1060.0,26
1061.0,19
1062.0,19
1063.0,29
1064.0,15
1065.0,27
1066.0,27
1067.0,21
1068.0,20
1069.0,27
1070.0,23
1071.0,12
1072.0,8
1073.0,24
1074.0,23
1075.0,22
1076.0,25
1077.0,19
1078.0,13
1079.0,21
1080.0,18
1081.0,24
1082.0,17
1083.0,17
1084.0,28
1085.0,20
1086.0,25
1087.0,25
1088.0,24
1089.0,17
1090.0,17
1091.0,25
1092.0,24
1093.0,22
1094.0,16
1095.0,23
1096.0,27
1097.0,23
1098.0,23
1099.0,24
1100.0,22
1101.0,9
1102.0,17
1103.0,22
1104.0,20
1105.0,30
1106.0,16
1107.0,16
1108.0,17
1109.0,27
1110.0,21
1111.0,15
1112.0,16
1113.0,22
1114.0,17
1115.0,26
1116.0,26
1117.0,22
1118.0,19
1119.0,20
1120.0,24
1121.0,26
1122.0,18
1123.0,18
1124.0,13
1125.0,20
1126.0,15
1127.0,22
1128.0,20
1129.0,17
1130.0,25
1131.0,27
1132.0,15
1133.0,10
1134.0,17
1135.0,19
1136.0,23
1137.0,17
1138.0,21
1139.0,25
1140.0,19
1141.0,22
1142.0,15
1143.0,17
1144.0,19
1145.0,19
1146.0,11
1147.0,15
1148.0,23
1149.0,15
1150.0,17
1151.0,20
1152.0,16
1153.0,19
1154.0,18
1155.0,18
1156.0,15
1157.0,15
1158.0,25
1159.0,19
1160.0,19
1161.0,18
1162.0,18
1163.0,20
1164.0,18
1165.0,26
1166.0,23
1167.0,16
1168.0,21
1169.0,24
1170.0,25
1171.0,16
1172.0,15
1173.0,6
1174.0,19
1175.0,21
1176.0,22
1177.0,17
1178.0,22
1179.0,17
1180.0,21
1181.0,21
1182.0,14
1183.0,14
1184.0,25
1185.0,16
1186.0,19
1187.0,26
1188.0,8
1189.0,21
1190.0,12
1191.0,16
1192.0,25
1193.0,21
1194.0,12
1195.0,10
1196.0,16
1197.0,28
1198.0,16
1199.0,18
1200.0,17
1201.0,13
1202.0,18
1203.0,13
1204.0,17
1205.0,15
1206.0,13
1207.0,15
1208.0,14
1209.0,14
1210.0,15
1211.0,8
1212.0,12
1213.0,14
1214.0,16
1215.0,22
1216.0,16
1217.0,17
1218.0,12
1219.0,19
1220.0,22
1221.0,23
1222.0,22
1223.0,16
1224.0,16
1225.0,22
1226.0,18
1227.0,19
1228.0,17
1229.0,17
1230.0,12
1231.0,17
1232.0,11
1233.0,13
1234.0,20
1235.0,16
1236.0,16
1237.0,11
1238.0,18
1239.0,17
1240.0,20
1241.0,19
1242.0,14
1243.0,15
1244.0,10
1245.0,20
1246.0,13
1247.0,13
1248.0,19
1249.0,6
1250.0,19
1251.0,20
1252.0,17
1253.0,27
1254.0,21
1255.0,15
1256.0,16
1257.0,21
1258.0,17
1259.0,13
1260.0,17
1261.0,12
1262.0,18
1263.0,17
1264.0,13
1265.0,14
1266.0,14
1267.0,16
1268.0,15
1269.0,8
1270.0,12
1271.0,24
1272.0,15
1273.0,18
1274.0,14
1275.0,18
1276.0,20
1277.0,12
1278.0,15
1279.0,26
1280.0,23
1281.0,18
1282.0,19
1283.0,12
1284.0,11
1285.0,20
1286.0,13
1287.0,14
1288.0,17
1289.0,11
1290.0,20
1291.0,12
1292.0,18
1293.0,22
1294.0,12
1295.0,20
1296.0,10
1297.0,15
1298.0,10
1299.0,24
1300.0,17
1301.0,13
1302.0,21
1303.0,16
1304.0,10
1305.0,16
1306.0,10
1307.0,15
1308.0,18
1309.0,14
1310.0,19
1311.0,7
1312.0,13
1313.0,20
1314.0,22
1315.0,25
1316.0,18
1317.0,13
1318.0,10
1319.0,13
1320.0,15
1321.0,20
1322.0,15
1323.0,15
1324.0,13
1325.0,16
1326.0,14
1327.0,15
1328.0,20
1329.0,17
1330.0,17
1331.0,13
1332.0,14
1333.0,21
1334.0,14
1335.0,13
1336.0,13
1337.0,9
1338.0,14
1339.0,18
1340.0,18
1341.0,11
1342.0,13
1343.0,17
1344.0,16
1345.0,16
1346.0,12
1347.0,14
1348.0,17
1349.0,13
1350.0,10
1351.0,9
1352.0,21
1353.0,24
1354.0,19
1355.0,14
1356.0,14
1357.0,17
1358.0,19
1359.0,17
1360.0,7
1361.0,12
1362.0,19
1363.0,16
1364.0,19
1365.0,7
1366.0,16
1367.0,8
1368.0,12
1369.0,10
1370.0,10
1371.0,14
1372.0,18
1373.0,13
1374.0,7
1375.0,15
1376.0,15
1377.0,14
1378.0,11
1379.0,15
1380.0,12
1381.0,8
1382.0,14
1383.0,12
1384.0,23
1385.0,19
1386.0,12
1387.0,22
1388.0,13
1389.0,11
1390.0,15
1391.0,25
1392.0,16
1393.0,17
1394.0,10
1395.0,18
1396.0,11
1397.0,16
1398.0,11
1399.0,8
1400.0,17
1401.0,9
1402.0,14
1403.0,16
1404.0,11
1405.0,10
1406.0,14
1407.0,21
1408.0,24
1409.0,17
1410.0,12
1411.0,10
1412.0,17
1413.0,9
1414.0,17
1415.0,12
1416.0,12
1417.0,16
1418.0,13
1419.0,18
1420.0,13
1421.0,14
1422.0,12
1423.0,14
1424.0,17
1425.0,14
1426.0,15
1427.0,8
1428.0,14
1429.0,15
1430.0,15
1431.0,18
1432.0,14
1433.0,22
1434.0,17
1435.0,7
1436.0,17
1437.0,10
1438.0,9
1439.0,21
1440.0,14
1441.0,18
1442.0,11
1443.0,15
1444.0,12
1445.0,19
1446.0,9
1447.0,12
1448.0,11
1449.0,10
1450.0,11
1451.0,12
1452.0,14
1453.0,9
1454.0,6
1455.0,13
1456.0,9
1457.0,8
1458.0,15
1459.0,13
1460.0,12
1461.0,8
1462.0,14
1463.0,17
1464.0,12
1465.0,19
1466.0,15
1467.0,14
1468.0,13
1469.0,13
1470.0,6
1471.0,7
1472.0,14
1473.0,12
1474.0,8
1475.0,14
1476.0,12
1477.0,15
1478.0,10
1479.0,10
1480.0,9
1481.0,14
1482.0,9
1483.0,14
1484.0,13
1485.0,9
1486.0,8
1487.0,16
1488.0,12
1489.0,12
1490.0,12
1491.0,9
1492.0,10
1493.0,12
1494.0,11
1495.0,15
1496.0,8
1497.0,15
1498.0,11
1499.0,11
1500.0,20
1501.0,8
1502.0,13
1503.0,18
1504.0,13
1505.0,14
1506.0,15
1507.0,13
1508.0,15
1509.0,19
1510.0,11
1511.0,11
1512.0,11
1513.0,16
1514.0,13
1515.0,15
1516.0,4
1517.0,8
1518.0,12
1519.0,15
1520.0,5
1521.0,15
1522.0,9
1523.0,7
1524.0,10
1525.0,13
1526.0,6
1527.0,6
1528.0,13
1529.0,7
1530.0,11
1531.0,7
1532.0,9
1533.0,8
1534.0,16
1535.0,12
1536.0,13
1537.0,13
1538.0,6
1539.0,18
1540.0,11
1541.0,8
1542.0,13
1543.0,11
1544.0,13
1545.0,15
1546.0,17
1547.0,15
1548.0,15
1549.0,9
1550.0,12
1551.0,15
1552.0,17
1553.0,11
1554.0,12
1555.0,13
1556.0,8
1557.0,13
1558.0,13
1559.0,5
1560.0,12
1561.0,12
1562.0,12
1563.0,16
1564.0,12
1565.0,11
1566.0,12
1567.0,16
1568.0,18
1569.0,13
1570.0,15
1571.0,9
1572.0,10
1573.0,12
1574.0,15
1575.0,6
1576.0,10
1577.0,15
1578.0,16
1579.0,11
1580.0,13
1581.0,12
1582.0,13
1583.0,11
1584.0,12
1585.0,12
1586.0,17
1587.0,7
1588.0,12
1589.0,15
1590.0,10
1591.0,8
1592.0,13
1593.0,15
1594.0,15
1595.0,9
1596.0,8
1597.0,14
1598.0,10
1599.0,13
1600.0,14
1601.0,14
1602.0,8
1603.0,14
1604.0,4
1605.0,16
1606.0,9
1607.0,14
1608.0,14
1609.0,12
1610.0,14
1611.0,14
1612.0,13
1613.0,12
1614.0,13
1615.0,18
1616.0,9
1617.0,15
1618.0,10
1619.0,16
1620.0,11
1621.0,10
1622.0,19
1623.0,15
1624.0,15
1625.0,11
1626.0,16
1627.0,12
1628.0,16
1629.0,10
1630.0,16
1631.0,11
1632.0,14
1633.0,11
1634.0,13
1635.0,9
1636.0,18
1637.0,15
1638.0,11
1639.0,9
1640.0,17
1641.0,15
1642.0,12
1643.0,15
1644.0,10
1645.0,14
1646.0,16
1647.0,12
1648.0,13
1649.0,16
1650.0,10
1651.0,13
1652.0,16
1653.0,19
1654.0,11
1655.0,15
1656.0,11
1657.0,9
1658.0,11
1659.0,14
1660.0,12
1661.0,9
1662.0,13
1663.0,12
1664.0,16
1665.0,11
1666.0,10
1667.0,4
1668.0,7
1669.0,11
1670.0,10
1671.0,9
1672.0,8
1673.0,15
1674.0,11
1675.0,18
1676.0,7
1677.0,8
1678.0,18
1679.0,18
1680.0,12
1681.0,15
1682.0,18
1683.0,16
1684.0,12
1685.0,13
1686.0,6
1687.0,8
1688.0,10
1689.0,10
1690.0,10
1691.0,17
1692.0,5
1693.0,12
1694.0,14
1695.0,15
1696.0,6
1697.0,15
1698.0,7
1699.0,15
1700.0,9
1701.0,15
1702.0,13
1703.0,17
1704.0,17
1705.0,12
1706.0,16
1707.0,13
1708.0,18
1709.0,11
1710.0,12
1711.0,19
1712.0,15
1713.0,12
1714.0,7
1715.0,12
1716.0,14
1717.0,15
1718.0,11
1719.0,14
1720.0,21
1721.0,12
1722.0,11
1723.0,10
1724.0,14
1725.0,13
1726.0,10
1727.0,9
1728.0,11
1729.0,15
1730.0,17
1731.0,19
1732.0,12
1733.0,12
1734.0,14
1735.0,11
1736.0,13
1737.0,17
1738.0,7
1739.0,13
1740.0,13
1741.0,15
1742.0,9
1743.0,14
1744.0,15
1745.0,12
1746.0,17
1747.0,13
1748.0,11
1749.0,12
1750.0,16
1751.0,8
1752.0,13
1753.0,12
1754.0,11
1755.0,10
1756.0,11
1757.0,7
1758.0,5
1759.0,10
1760.0,14
1761.0,17
1762.0,17
1763.0,15
1764.0,13
1765.0,15
1766.0,16
1767.0,9
1768.0,14
1769.0,9
1770.0,9
1771.0,12
1772.0,10
1773.0,11
1774.0,13
1775.0,10
1776.0,12
1777.0,13
1778.0,9
1779.0,14
1780.0,8
1781.0,10
1782.0,4
1783.0,7
1784.0,11
1785.0,5
1786.0,12
1787.0,9
1788.0,8
1789.0,13
1790.0,13
1791.0,13
1792.0,11
1793.0,9
1794.0,7
1795.0,16
1796.0,12
1797.0,9
1798.0,12
1799.0,10
1800.0,13
1801.0,13
1802.0,13
1803.0,8
1804.0,11
1805.0,9
1806.0,13
1807.0,13
1808.0,6
1809.0,10
1810.0,3
1811.0,13
1812.0,6
1813.0,17
1814.0,12
1815.0,5
1816.0,5
1817.0,7
1818.0,10
1819.0,8
1820.0,9
1821.0,12
1822.0,12
1823.0,11
1824.0,13
1825.0,12
1826.0,11
1827.0,12
1828.0,9
1829.0,13
1830.0,12
1831.0,9
1832.0,12
1833.0,10
1834.0,12
1835.0,10
1836.0,12
1837.0,8
1838.0,7
1839.0,8
1840.0,11
1841.0,14
1842.0,6
1843.0,11
1844.0,8
1845.0,7
1846.0,9
1847.0,5
1848.0,5
1849.0,11
1850.0,5
1851.0,9
1852.0,14
1853.0,10
1854.0,7
1855.0,12
1856.0,12
1857.0,5
1858.0,7
1859.0,6
1860.0,5
1861.0,11
1862.0,12
1863.0,10
1864.0,12
1865.0,11
1866.0,11
1867.0,7
1868.0,9
1869.0,10
1870.0,11
1871.0,3
1872.0,8
1873.0,9
1874.0,11
1875.0,5
1876.0,14
1877.0,7
1878.0,14
1879.0,10
1880.0,7
1881.0,11
1882.0,9
1883.0,8
1884.0,13
1885.0,10
1886.0,4
1887.0,13
1888.0,11
1889.0,9
1890.0,7
1891.0,6
1892.0,11
1893.0,12
1894.0,7
1895.0,11
1896.0,9
1897.0,10
1898.0,5
1899.0,2
1900.0,7
1901.0,6
1902.0,7
1903.0,14
1904.0,10
1905.0,5
1906.0,4
1907.0,9
1908.0,7
1909.0,17
1910.0,14
1911.0,10
1912.0,11
1913.0,12
1914.0,7
1915.0,6
1916.0,8
1917.0,11
1918.0,12
1919.0,13
1920.0,10
1921.0,9
1922.0,8
1923.0,8
1924.0,12
1925.0,5
1926.0,4
1927.0,9
1928.0,6
1929.0,7
1930.0,9
1931.0,7
1932.0,6
1933.0,11
1934.0,8
1935.0,4
1936.0,9
1937.0,9
1938.0,10
1939.0,9
1940.0,6
1941.0,7
1942.0,8
1943.0,5
1944.0,6
1945.0,6
1946.0,12
1947.0,9
1948.0,13
1949.0,7
1950.0,6
1951.0,8
1952.0,7
1953.0,3
1954.0,8
1955.0,10
1956.0,7
1957.0,10
1958.0,6
1959.0,4
1960.0,4
1961.0,8
1962.0,3
1963.0,16
1964.0,9
1965.0,9
1966.0,7
1967.0,9
1968.0,11
1969.0,4
1970.0,5
1971.0,17
1972.0,10
1973.0,9
1974.0,12
1975.0,7
1976.0,11
1977.0,9
1978.0,6
1979.0,9
1980.0,7
1981.0,7
1982.0,9
1983.0,8
1984.0,12
1985.0,12
1986.0,8
1987.0,4
1988.0,2
1989.0,8
1990.0,6
1991.0,7
1992.0,12
1993.0,3
1994.0,7
1995.0,14
1996.0,12
1997.0,9
1998.0,10
1999.0,8
2000.0,4
2001.0,8
2002.0,10
2003.0,7
2004.0,5
2005.0,10
2006.0,7
2007.0,12
2008.0,2
2009.0,7
2010.0,7
2011.0,5
2012.0,6
2013.0,8
2014.0,5
2015.0,8
2016.0,14
2017.0,12
2018.0,7
2019.0,6
2020.0,6
2021.0,5
2022.0,7
2023.0,10
2024.0,6
2025.0,10
2026.0,6
2027.0,6
2028.0,10
2029.0,11
2030.0,2
2031.0,3
2032.0,8
2033.0,3
2034.0,8
2035.0,9
2036.0,4
2037.0,9
2038.0,7
2039.0,6
2040.0,8
2041.0,7
2042.0,12
2043.0,18
2044.0,7
2045.0,9
2046.0,8
2047.0,9
2048.0,7
2049.0,5
2050.0,8
2051.0,6
2052.0,6
2053.0,13
2054.0,10
2055.0,10
2056.0,4
2057.0,11
2058.0,9
2059.0,7
2060.0,11
2061.0,4
2062.0,10
2063.0,9
2064.0,13
2065.0,7
2066.0,9
2067.0,10
2068.0,5
2069.0,12
2070.0,8
2071.0,9
2072.0,7
2073.0,10
2074.0,10
2075.0,4
2076.0,6
2077.0,2
2078.0,10
2079.0,9
2080.0,8
2081.0,7
2082.0,6
2083.0,6
2084.0,9
2085.0,7
2086.0,3
2087.0,5
2088.0,13
2089.0,7
2090.0,9
2091.0,5
2092.0,8
2093.0,7
2094.0,11
2095.0,5
2096.0,5
2097.0,5
2098.0,10
2099.0,7
2100.0,5
2101.0,7
2102.0,9
2103.0,7
2104.0,5
2105.0,10
2106.0,4
2107.0,4
2108.0,6
2109.0,10
2110.0,5
2111.0,5
2112.0,7
2113.0,7
2114.0,9
2115.0,4
2116.0,6
2117.0,6
2118.0,8
2119.0,4
2120.0,7
2121.0,3
2122.0,4
2123.0,3
2124.0,7
2125.0,7
2126.0,4
2127.0,3
2128.0,9
2129.0,11
2130.0,8
2131.0,2
2132.0,3
2133.0,9
2134.0,7
2135.0,9
2136.0,6
2137.0,8
2138.0,6
2139.0,3
2140.0,8
2141.0,11
2142.0,5
2143.0,2
2144.0,14
2145.0,7
2146.0,7
2147.0,7
2148.0,5
2149.0,4
2150.0,5
2151.0,9
2152.0,5
2153.0,3
2154.0,8
2155.0,7
2156.0,12
2157.0,5
2158.0,6
2159.0,3
2160.0,5
2161.0,12
2162.0,13
2163.0,5
2164.0,7
2165.0,7
2166.0,6
2167.0,14
2168.0,6
2169.0,9
2170.0,7
2171.0,2
2172.0,12
2173.0,3
2174.0,8
2175.0,6
2176.0,6
2177.0,12
2178.0,4
2179.0,11
2180.0,3
2181.0,6
2182.0,5
2183.0,6
2184.0,7
2185.0,6
2186.0,7
2187.0,5
2188.0,8
2189.0,5
2190.0,4
2191.0,7
2192.0,8
2193.0,2
2194.0,2
2195.0,6
2196.0,8
2197.0,9
2198.0,4
2199.0,6
2200.0,15
2201.0,10
2202.0,7
2203.0,9
2204.0,10
2205.0,7
2206.0,10
2207.0,4
2208.0,9
2209.0,9
2210.0,8
2211.0,5
2212.0,12
2213.0,5
2214.0,11
2215.0,9
2216.0,7
2217.0,3
2218.0,6
2219.0,13
2220.0,4
2221.0,5
2222.0,7
2223.0,10
2224.0,6
2225.0,7
2226.0,4
2227.0,13
2228.0,4
2229.0,8
2230.0,6
2231.0,10
2232.0,10
2233.0,7
2234.0,8
2235.0,7
2236.0,14
2237.0,8
2238.0,3
2239.0,6
2240.0,9
2241.0,5
2242.0,3
2243.0,7
2244.0,8
2245.0,4
2246.0,7
2247.0,4
2248.0,5
2249.0,11
2250.0,8
2251.0,6
2252.0,5
2253.0,6
2254.0,8
2255.0,7
2256.0,4
2257.0,6
2258.0,8
2259.0,9
2260.0,11
2261.0,8
2262.0,8
2263.0,3
2264.0,4
2265.0,8
2266.0,12
2267.0,14
2268.0,7
2269.0,8
2270.0,5
2271.0,4
2272.0,10
2273.0,6
2274.0,6
2275.0,11
2276.0,8
2277.0,6
2278.0,7
2279.0,4
2280.0,6
2281.0,4
2282.0,2
2283.0,6
2284.0,2
2285.0,8
2286.0,3
2287.0,10
2288.0,3
2289.0,7
2290.0,8
2291.0,5
2292.0,8
2293.0,8
2294.0,4
2295.0,5
2296.0,5
2297.0,6
2298.0,5
2299.0,5
2300.0,4
2301.0,9
2302.0,5
2303.0,5
2304.0,6
2305.0,5
2306.0,4
2307.0,4
2308.0,7
2309.0,8
2310.0,5
2311.0,12
2312.0,8
2313.0,7
2314.0,7
2315.0,3
2316.0,3
2317.0,5
2318.0,4
2319.0,1
2320.0,2
2321.0,11
2322.0,6
2323.0,9
2324.0,5
2325.0,6
2326.0,4
2327.0,12
2328.0,5
2329.0,9
2330.0,10
2331.0,3
2332.0,4
2333.0,9
2334.0,2
2335.0,8
2336.0,4
2337.0,6
2338.0,13
2339.0,4
2340.0,8
2341.0,4
2342.0,5
2343.0,5
2344.0,9
2345.0,5
2346.0,5
2347.0,3
2348.0,8
2349.0,4
2350.0,2
2351.0,2
2352.0,6
2353.0,5
2354.0,11
2355.0,4
2356.0,6
2357.0,5
2358.0,8
2359.0,6
2360.0,7
2361.0,9
2362.0,6
2363.0,6
2364.0,7
2365.0,2
2366.0,8
2367.0,8
2368.0,9
2369.0,5
2370.0,6
2371.0,4
2372.0,7
2373.0,7
2374.0,9
2375.0,11
2376.0,10
2377.0,8
2378.0,6
2379.0,6
2380.0,6
2381.0,4
2382.0,4
2383.0,7
2384.0,6
2385.0,8
2386.0,12
2387.0,12
2388.0,5
2389.0,10
2390.0,5
2391.0,4
2392.0,4
2393.0,6
2394.0,3
2395.0,4
2396.0,4
2397.0,7
2398.0,7
2399.0,7
2400.0,2
2401.0,5
2402.0,4
2403.0,5
2404.0,6
2405.0,4
2406.0,5
2407.0,4
2408.0,3
2409.0,2
2410.0,5
2411.0,1
2412.0,10
2413.0,6
2414.0,3
2415.0,6
2416.0,6
2417.0,8
2418.0,3
2419.0,5
2420.0,5
2421.0,3
2422.0,5
2423.0,4
2424.0,5
2425.0,7
2426.0,5
2427.0,6
2428.0,10
2429.0,3
2430.0,3
2431.0,5
2432.0,3
2433.0,7
2434.0,7
2435.0,10
2436.0,1
2437.0,2
2438.0,5
2439.0,7
2440.0,4
2441.0,11
2442.0,4
2443.0,10
2444.0,7
2445.0,4
2446.0,6
2447.0,4
2448.0,4
2449.0,4
2450.0,4
2451.0,2
2452.0,6
2453.0,7
2454.0,2
2455.0,3
2456.0,3
2457.0,10
2458.0,7
2459.0,7
2460.0,3
2461.0,8
2462.0,10
2463.0,5
2464.0,5
2465.0,5
2466.0,8
2467.0,4
2468.0,2
2469.0,7
2470.0,2
2471.0,8
2472.0,3
2473.0,7
2474.0,5
2475.0,3
2476.0,3
2477.0,5
2478.0,3
2479.0,6
2480.0,4
2481.0,4
2482.0,8
2483.0,4
2484.0,3
2485.0,3
2486.0,5
2487.0,4
2488.0,6
2489.0,4
2490.0,8
2491.0,3
2492.0,1
2493.0,6
2494.0,7
2495.0,5
2496.0,8
2497.0,3
2498.0,6
2499.0,6
2500.0,7
2501.0,4
2502.0,5
2503.0,3
2504.0,11
2505.0,4
2506.0,5
2507.0,4
2508.0,4
2509.0,4
2510.0,5
2511.0,4
2512.0,9
2513.0,4
2514.0,4
2515.0,4
2516.0,2
2517.0,7
2518.0,3
2519.0,5
2520.0,10
2521.0,6
2522.0,6
2523.0,8
2524.0,4
2525.0,4
2526.0,7
2527.0,6
2528.0,4
2529.0,3
2530.0,3
2531.0,6
2532.0,6
2533.0,6
2534.0,7
2535.0,6
2536.0,3
2537.0,5
2538.0,2
2539.0,5
2540.0,8
2541.0,3
2542.0,5
2543.0,3
2544.0,4
2545.0,3
2546.0,2
2547.0,7
2548.0,10
2549.0,3
2550.0,3
2551.0,4
2552.0,7
2553.0,4
2554.0,4
2555.0,7
2556.0,6
2557.0,1
2558.0,5
2559.0,3
2560.0,6
2561.0,4
2562.0,7
2563.0,10
2564.0,5
2565.0,3
2566.0,7
2567.0,3
2568.0,8
2569.0,8
2570.0,6
2571.0,4
2572.0,4
2573.0,9
2574.0,4
2575.0,4
2576.0,5
2577.0,4
2578.0,8
2579.0,5
2580.0,9
2581.0,4
2582.0,2
2583.0,5
2584.0,4
2585.0,2
2586.0,3
2587.0,4
2588.0,2
2589.0,4
2590.0,4
2591.0,3
2592.0,3
2593.0,8
2594.0,2
2595.0,8
2596.0,4
2597.0,9
2598.0,8
2599.0,4
2600.0,4
2601.0,4
2602.0,5
2603.0,8
2604.0,3
2605.0,6
2606.0,8
2607.0,6
2608.0,4
2609.0,2
2610.0,4
2611.0,4
2612.0,3
2613.0,5
2614.0,8
2615.0,10
2616.0,6
2617.0,9
2618.0,5
2619.0,3
2620.0,6
2621.0,5
2622.0,7
2623.0,4
2624.0,4
2625.0,3
2626.0,6
2627.0,6
2628.0,5
2629.0,9
2630.0,5
2631.0,6
2632.0,4
2633.0,3
2634.0,5
2635.0,7
2636.0,5
2637.0,1
2638.0,5
2639.0,6
2640.0,3
2641.0,6
2642.0,4
2643.0,8
2644.0,3
2645.0,7
2646.0,2
2647.0,4
2648.0,6
2649.0,7
2650.0,5
2651.0,8
2652.0,5
2653.0,3
2654.0,6
2655.0,3
2656.0,4
2657.0,3
2658.0,2
2659.0,5
2660.0,12
2661.0,2
2662.0,7
2663.0,2
2664.0,6
2665.0,7
2666.0,3
2667.0,5
2668.0,4
2669.0,4
2670.0,6
2671.0,4
2672.0,4
2673.0,6
2674.0,1
2675.0,6
2676.0,7
2677.0,4
2678.0,5
2679.0,1
2680.0,4
2681.0,2
2682.0,9
2683.0,4
2684.0,5
2685.0,1
2686.0,5
2687.0,7
2688.0,3
2689.0,9
2690.0,3
2691.0,5
2692.0,8
2693.0,6
2694.0,6
2695.0,3
2696.0,6
2697.0,4
2698.0,4
2699.0,6
2700.0,5
2701.0,3
2702.0,4
2703.0,8
2704.0,4
2705.0,7
2706.0,2
2707.0,9
2708.0,4
2709.0,8
2710.0,7
2711.0,4
2712.0,7
2713.0,5
2714.0,3
2715.0,2
2716.0,5
2717.0,5
2718.0,5
2719.0,6
2720.0,5
2721.0,5
2722.0,6
2723.0,3
2724.0,2
2725.0,4
2726.0,4
2727.0,6
2728.0,6
2729.0,7
2730.0,3
2731.0,4
2732.0,6
2733.0,3
2734.0,7
2735.0,6
2736.0,8
2737.0,6
2738.0,5
2739.0,6
2740.0,2
2741.0,5
2742.0,4
2743.0,5
2744.0,3
2745.0,3
2746.0,5
2747.0,6
2748.0,8
2749.0,4
2750.0,5
2751.0,2
2752.0,4
2753.0,7
2754.0,7
2755.0,2
2756.0,2
2757.0,5
2758.0,5
2759.0,6
2760.0,5
2761.0,3
2762.0,7
2763.0,4
2764.0,7
2765.0,6
2766.0,7
2767.0,3
2768.0,2
2769.0,4
2770.0,3
2771.0,3
2772.0,6
2773.0,7
2774.0,6
2775.0,4
2776.0,6
2777.0,13
2778.0,4
2779.0,8
2780.0,8
2781.0,3
2782.0,7
2783.0,3
2784.0,3
2785.0,3
2786.0,6
2787.0,5
2788.0,6
2789.0,6
2790.0,10
2791.0,5
2792.0,7
2793.0,3
2794.0,4
2795.0,5
2796.0,5
2798.0,6
2799.0,6
2801.0,8
2802.0,3
2803.0,5
2804.0,6
2805.0,4
2806.0,2
2807.0,3
2808.0,2
2809.0,6
2810.0,8
2811.0,3
2812.0,1
2813.0,3
2814.0,5
2815.0,6
2816.0,5
2817.0,1
2818.0,5
2819.0,4
2820.0,6
2821.0,3
2822.0,1
2823.0,4
2824.0,2
2825.0,4
2826.0,2
2827.0,5
2828.0,4
2830.0,4
2831.0,7
2832.0,8
2833.0,1
2834.0,4
2835.0,1
2836.0,4
2837.0,7
2838.0,3
2839.0,6
2840.0,3
2841.0,9
2842.0,3
2843.0,1
2844.0,4
2845.0,2
2846.0,3
2847.0,7
2848.0,3
2849.0,4
2850.0,4
2851.0,4
2852.0,3
2853.0,4
2854.0,5
2855.0,3
2856.0,4
2857.0,4
2858.0,3
2859.0,2
2860.0,5
2861.0,6
2862.0,6
2863.0,5
2864.0,3
2865.0,3
2866.0,5
2867.0,3
2868.0,2
2869.0,2
2870.0,1
2871.0,6
2872.0,5
2873.0,4
2874.0,2
2875.0,7
2876.0,4
2877.0,4
2878.0,11
2879.0,3
2880.0,5
2881.0,2
2882.0,1
2883.0,5
2884.0,1
2885.0,7
2886.0,1
2887.0,1
2888.0,3
2889.0,3
2890.0,9
2891.0,2
2892.0,5
2893.0,3
2894.0,2
2895.0,3
2896.0,2
2897.0,8
2898.0,2
2899.0,2
2900.0,1
2901.0,10
2902.0,5
2904.0,2
2905.0,6
2906.0,3
2907.0,4
2908.0,4
2909.0,1
2910.0,3
2911.0,4
2912.0,7
2913.0,3
2914.0,3
2915.0,5
2916.0,4
2917.0,5
2918.0,3
2919.0,2
2920.0,1
2921.0,1
2922.0,4
2923.0,5
2924.0,4
2925.0,6
2927.0,3
2928.0,7
2929.0,4
2930.0,2
2931.0,3
2932.0,2
2933.0,3
2934.0,3
2935.0,4
2936.0,3
2937.0,5
2938.0,4
2939.0,8
2940.0,2
2941.0,3
2942.0,2
2943.0,5
2944.0,4
2945.0,3
2946.0,4
2947.0,1
2948.0,2
2949.0,3
2950.0,2
2951.0,3
2952.0,2
2953.0,5
2954.0,2
2955.0,4
2956.0,3
2957.0,8
2958.0,5
2959.0,3
2960.0,3
2961.0,5
2962.0,4
2963.0,3
2964.0,4
2966.0,1
2967.0,4
2968.0,3
2969.0,2
2970.0,1
2971.0,3
2972.0,4
2973.0,2
2974.0,4
2975.0,5
2976.0,2
2977.0,2
2978.0,4
2979.0,1
2980.0,3
2981.0,7
2982.0,7
2983.0,2
2984.0,3
2985.0,7
2986.0,3
2987.0,2
2988.0,3
2989.0,3
2990.0,5
2991.0,6
2992.0,5
2993.0,3
2994.0,4
2995.0,1
2996.0,2
2997.0,2
2998.0,4
2999.0,1
3000.0,2
3001.0,3
3002.0,7
3003.0,3
3004.0,4
3005.0,4
3006.0,3
3007.0,1
3008.0,3
3010.0,4
3011.0,3
3012.0,7
3013.0,1
3014.0,5
3015.0,5
3016.0,4
3017.0,4
3018.0,2
3019.0,2
3020.0,2
3021.0,2
3022.0,1
3023.0,2
3024.0,2
3025.0,1
3026.0,2
3027.0,3
3028.0,2
3030.0,4
3031.0,1
3032.0,5
3033.0,6
3034.0,6
3035.0,5
3036.0,1
3037.0,4
3038.0,2
3039.0,1
3040.0,2
3041.0,5
3042.0,1
3043.0,3
3044.0,4
3045.0,3
3046.0,6
3047.0,1
3048.0,2
3049.0,5
3050.0,4
3051.0,1
3052.0,3
3053.0,3
3054.0,3
3055.0,3
3056.0,2
3057.0,4
3058.0,3
3059.0,3
3060.0,3
3061.0,2
3062.0,1
3064.0,4
3065.0,3
3066.0,5
3067.0,4
3068.0,2
3069.0,3
3070.0,4
3071.0,3
3072.0,3
3073.0,3
3074.0,7
3075.0,4
3076.0,1
3077.0,2
3078.0,1
3079.0,2
3080.0,3
3081.0,4
3084.0,3
3085.0,2
3086.0,2
3087.0,2
3088.0,3
3089.0,3
3090.0,5
3091.0,2
3092.0,4
3094.0,3
3095.0,1
3096.0,1
3097.0,2
3098.0,1
3099.0,5
3100.0,2
3101.0,3
3102.0,2
3103.0,4
3104.0,2
3106.0,4
3107.0,4
3108.0,3
3109.0,1
3110.0,1
3111.0,2
3112.0,1
3113.0,2
3114.0,5
3115.0,3
3116.0,3
3117.0,2
3118.0,4
3119.0,1
3120.0,2
3121.0,2
3122.0,4
3123.0,1
3124.0,1
3126.0,1
3127.0,1
3128.0,7
3130.0,2
3131.0,1
3132.0,1
3133.0,4
3135.0,3
3136.0,8
3137.0,1
3138.0,3
3139.0,3
3140.0,4
3141.0,2
3142.0,6
3143.0,3
3144.0,2
3145.0,2
3146.0,3
3147.0,2
3148.0,1
3150.0,7
3152.0,4
3153.0,2
3154.0,2
3155.0,1
3156.0,4
3157.0,1
3158.0,2
3159.0,4
3160.0,4
3161.0,4
3162.0,4
3163.0,6
3164.0,3
3165.0,2
3166.0,3
3167.0,3
3168.0,3
3169.0,4
3170.0,4
3171.0,1
3172.0,1
3173.0,2
3174.0,3
3175.0,1
3176.0,3
3177.0,2
3178.0,3
3179.0,3
3180.0,3
3181.0,2
3182.0,3
3183.0,7
3184.0,2
3185.0,1
3186.0,2
3187.0,2
3188.0,2
3189.0,2
3190.0,3
3191.0,3
3192.0,3
3193.0,3
3195.0,2
3196.0,2
3197.0,4
3198.0,2
3199.0,3
3200.0,2
3201.0,4
3202.0,3
3203.0,4
3204.0,3
3205.0,1
3206.0,3
3207.0,3
3208.0,2
3209.0,3
3210.0,4
3211.0,1
3212.0,1
3213.0,3
3214.0,4
3215.0,2
3216.0,5
3217.0,4
3218.0,3
3219.0,1
3220.0,2
3221.0,3
3222.0,5
3223.0,1
3224.0,4
3225.0,4
3227.0,3
3228.0,1
3229.0,2
3230.0,5
3231.0,2
3232.0,3
3233.0,3
3234.0,4
3235.0,2
3236.0,1
3237.0,2
3238.0,5
3240.0,4
3241.0,1
3242.0,4
3243.0,6
3244.0,3
3245.0,2
3246.0,1
3247.0,4
3248.0,2
3249.0,2
3250.0,3
3251.0,1
3252.0,2
3254.0,3
3255.0,3
3256.0,2
3257.0,3
3258.0,4
3259.0,3
3260.0,3
3261.0,3
3262.0,3
3263.0,1
3264.0,1
3265.0,1
3266.0,3
3267.0,1
3268.0,4
3269.0,4
3270.0,1
3271.0,1
3272.0,6
3273.0,1
3274.0,3
3275.0,2
3277.0,6
3278.0,4
3280.0,1
3281.0,2
3282.0,3
3283.0,2
3284.0,1
3285.0,2
3286.0,4
3287.0,3
3289.0,2
3290.0,4
3291.0,2
3292.0,2
3293.0,2
3294.0,2
3295.0,2
3296.0,4
3297.0,1
3298.0,2
3299.0,1
3300.0,2
3301.0,3
3302.0,3
3303.0,3
3304.0,2
3305.0,1
3306.0,4
3307.0,4
3308.0,1
3309.0,2
3310.0,1
3311.0,3
3312.0,2
3313.0,2
3314.0,1
3315.0,2
3316.0,1
3317.0,4
3318.0,2
3319.0,4
3320.0,3
3321.0,5
3322.0,1
3323.0,4
3324.0,2
3325.0,3
3326.0,1
3327.0,3
3328.0,1
3329.0,2
3330.0,4
3331.0,1
3332.0,1
3333.0,2
3334.0,1
3335.0,2
3337.0,2
3339.0,3
3340.0,2
3341.0,2
3343.0,2
3348.0,2
3349.0,2
3350.0,2
3351.0,2
3352.0,1
3353.0,3
3354.0,1
3355.0,2
3356.0,1
3357.0,2
3358.0,2
3359.0,2
3360.0,1
3361.0,4
3362.0,5
3364.0,6
3365.0,4
3366.0,2
3368.0,3
3370.0,2
3371.0,2
3373.0,3
3374.0,1
3375.0,3
3376.0,4
3377.0,1
3378.0,1
3379.0,2
3381.0,3
3382.0,1
3384.0,2
3385.0,1
3386.0,2
3390.0,1
3391.0,1
3392.0,3
3393.0,3
3394.0,1
3396.0,2
3397.0,2
3399.0,1
3400.0,3
3402.0,4
3403.0,3
3404.0,3
3405.0,1
3406.0,2
3407.0,1
3408.0,3
3409.0,2
3410.0,3
3411.0,5
3412.0,1
3413.0,2
3414.0,3
3416.0,5
3417.0,4
3418.0,2
3419.0,2
3421.0,5
3423.0,1
3424.0,3
3425.0,4
3426.0,2
3427.0,4
3428.0,2
3429.0,2
3430.0,1
3431.0,3
3432.0,1
3433.0,4
3434.0,2
3435.0,2
3436.0,2
3437.0,2
3438.0,1
3439.0,1
3440.0,4
3441.0,3
3442.0,1
3443.0,1
3444.0,3
3445.0,3
3446.0,4
3447.0,2
3448.0,2
3449.0,1
3450.0,4
3452.0,1
3454.0,1
3455.0,4
3456.0,2
3457.0,1
3459.0,3
3460.0,2
3461.0,1
3463.0,1
3464.0,1
3465.0,1
3466.0,4
3467.0,1
3468.0,1
3470.0,1
3473.0,3
3474.0,3
3475.0,2
3476.0,1
3477.0,1
3478.0,1
3479.0,2
3480.0,2
3481.0,1
3483.0,2
3484.0,1
3485.0,1
3486.0,2
3487.0,2
3488.0,1
3489.0,1
3490.0,1
3491.0,2
3492.0,1
3493.0,2
3495.0,5
3496.0,3
3497.0,2
3498.0,4
3499.0,2
3500.0,3
3501.0,1
3502.0,1
3503.0,1
3504.0,1
3506.0,4
3507.0,2
3508.0,4
3510.0,1
3511.0,1
3513.0,2
3514.0,2
3515.0,1
3516.0,1
3517.0,2
3518.0,3
3522.0,2
3523.0,3
3524.0,2
3525.0,2
3526.0,1
3527.0,2
3529.0,2
3530.0,1
3531.0,2
3532.0,3
3533.0,1
3534.0,3
3535.0,4
3536.0,3
3537.0,3
3538.0,1
3539.0,2
3540.0,2
3541.0,3
3542.0,4
3543.0,1
3544.0,2
3545.0,1
3546.0,2
3548.0,4
3549.0,1
3550.0,1
3551.0,4
3553.0,2
3554.0,1
3555.0,1
3557.0,2
3559.0,1
3560.0,2
3563.0,1
3564.0,1
3565.0,2
3566.0,1
3567.0,2
3568.0,5
3569.0,2
3570.0,1
3571.0,2
3572.0,2
3574.0,1
3575.0,1
3581.0,1
3583.0,4
3584.0,2
3585.0,1
3586.0,2
3587.0,1
3589.0,1
3590.0,1
3591.0,1
3592.0,3
3593.0,2
3595.0,1
3596.0,3
3601.0,1
3603.0,3
3604.0,3
3606.0,1
3607.0,4
3609.0,2
3611.0,1
3613.0,1
3614.0,2
3615.0,1
3617.0,1
3618.0,4
3619.0,3
3621.0,1
3622.0,1
3623.0,2
3624.0,3
3625.0,1
3626.0,3
3628.0,2
3629.0,2
3630.0,2
3631.0,2
3632.0,2
3633.0,1
3634.0,1
3635.0,1
3637.0,3
3638.0,1
3639.0,1
3640.0,1
3641.0,2
3642.0,1
3643.0,1
3645.0,1
3647.0,1
3649.0,2
3650.0,1
3651.0,2
3652.0,1
3655.0,1
3656.0,2
3657.0,1
3661.0,1
3662.0,3
3664.0,2
3665.0,1
3666.0,2
3667.0,2
3668.0,1
3669.0,4
3671.0,3
3674.0,5
3675.0,2
3676.0,2
3679.0,3
3681.0,2
3683.0,1
3684.0,1
3690.0,3
3691.0,1
3692.0,1
3693.0,2
3694.0,1
3695.0,3
3697.0,1
3698.0,1
3699.0,2
3700.0,5
3701.0,1
3702.0,1
3703.0,1
3704.0,1
3705.0,2
3706.0,1
3707.0,3
3709.0,2
3710.0,1
3711.0,3
3712.0,1
3713.0,1
3717.0,2
3720.0,1
3721.0,1
3722.0,1
3724.0,1
3725.0,4
3726.0,3
3727.0,3
3728.0,2
3730.0,2
3732.0,2
3733.0,3
3734.0,2
3736.0,4
3737.0,1
3738.0,1
3740.0,2
3741.0,2
3742.0,2
3743.0,2
3744.0,2
3745.0,2
3746.0,2
3747.0,1
3750.0,1
3753.0,1
3754.0,1
3756.0,1
3757.0,2
3760.0,1
3762.0,1
3764.0,1
3766.0,1
3767.0,4
3769.0,3
3770.0,2
3772.0,3
3773.0,2
3774.0,1
3776.0,2
3777.0,1
3778.0,1
3779.0,4
3781.0,2
3782.0,3
3783.0,2
3785.0,3
3787.0,3
3788.0,3
3790.0,1
3791.0,1
3795.0,1
3796.0,1
3797.0,1
3799.0,1
3800.0,2
3801.0,1
3804.0,6
3805.0,1
3807.0,1
3809.0,1
3810.0,3
3812.0,1
3814.0,1
3815.0,1
3817.0,2
3819.0,1
3820.0,3
3821.0,1
3824.0,3
3825.0,1
3828.0,2
3829.0,1
3830.0,1
3831.0,1
3832.0,2
3833.0,1
3835.0,1
3837.0,1
3839.0,2
3840.0,3
3841.0,1
3843.0,2
3844.0,1
3845.0,2
3846.0,1
3847.0,1
3849.0,2
3851.0,1
3852.0,1
3853.0,2
3854.0,1
3855.0,2
3856.0,1
3857.0,2
3859.0,1
3860.0,2
3861.0,2
3863.0,1
3864.0,2
3865.0,3
3866.0,2
3867.0,1
3870.0,2
3871.0,2
3872.0,2
3874.0,2
3876.0,3
3878.0,2
3881.0,1
3882.0,1
3884.0,2
3885.0,1
3886.0,1
3887.0,2
3888.0,1
3890.0,1
3891.0,1
3892.0,1
3893.0,1
3894.0,1
3895.0,1
3896.0,3
3897.0,2
3899.0,1
3900.0,1
3901.0,2
3903.0,1
3904.0,2
3905.0,1
3906.0,1
3907.0,2
3909.0,4
3912.0,2
3913.0,2
3915.0,1
3916.0,2
3917.0,1
3918.0,2
3921.0,1
3922.0,1
3923.0,1
3924.0,1
3925.0,3
3926.0,1
3927.0,1
3928.0,1
3929.0,2
3930.0,3
3932.0,1
3934.0,2
3935.0,1
3939.0,6
3940.0,1
3941.0,3
3943.0,1
3945.0,1
3946.0,2
3948.0,1
3949.0,3
3950.0,2
3951.0,1
3952.0,1
3953.0,1
3955.0,3
3956.0,1
3957.0,3
3958.0,3
3959.0,1
3960.0,1
3963.0,1
3965.0,1
3966.0,1
3968.0,2
3969.0,2
3970.0,1
3972.0,1
3973.0,2
3975.0,2
3976.0,1
3978.0,1
3979.0,2
3980.0,1
3981.0,2
3982.0,2
3985.0,1
3986.0,3
3988.0,1
3989.0,1
3991.0,2
3992.0,1
3994.0,1
3995.0,2
3997.0,1
3998.0,1
3999.0,1
4000.0,1
4001.0,1
4002.0,1
4003.0,2
4004.0,1
4005.0,3
4006.0,3
4007.0,1
4009.0,3
4010.0,1
4011.0,2
4012.0,2
4013.0,1
4014.0,2
4018.0,1
4023.0,1
4024.0,3
4027.0,2
4029.0,2
4031.0,1
4033.0,1
4034.0,3
4035.0,1
4039.0,1
4042.0,2
4043.0,1
4044.0,1
4045.0,1
4046.0,1
4047.0,2
4048.0,3
4049.0,1
4050.0,4
4052.0,2
4054.0,3
4055.0,1
4056.0,1
4057.0,2
4058.0,1
4060.0,1
4061.0,1
4064.0,1
4065.0,1
4066.0,1
4068.0,3
4070.0,1
4071.0,1
4072.0,2
4073.0,1
4076.0,1
4077.0,1
4078.0,1
4079.0,1
4080.0,1
4081.0,3
4082.0,2
4083.0,1
4088.0,1
4089.0,1
4090.0,1
4092.0,1
4093.0,1
4094.0,1
4097.0,2
4100.0,1
4101.0,1
4103.0,2
4104.0,1
4105.0,1
4106.0,1
4107.0,2
4108.0,3
4109.0,1
4110.0,1
4111.0,1
4113.0,1
4114.0,2
4116.0,1
4117.0,2
4119.0,2
4121.0,3
4124.0,1
4125.0,2
4128.0,1
4129.0,2
4133.0,3
4134.0,2
4135.0,2
4137.0,1
4138.0,3
4140.0,2
4141.0,1
4142.0,1
4143.0,1
4144.0,1
4148.0,1
4156.0,1
4158.0,1
4159.0,1
4162.0,2
4163.0,2
4164.0,3
4165.0,1
4167.0,1
4168.0,1
4170.0,1
4172.0,1
4175.0,1
4176.0,2
4177.0,2
4178.0,2
4180.0,2
4181.0,1
4184.0,1
4185.0,1
4187.0,1
4190.0,2
4191.0,1
4193.0,1
4197.0,1
4198.0,2
4199.0,1
4200.0,1
4202.0,2
4205.0,1
4206.0,2
4208.0,1
4209.0,1
4210.0,1
4211.0,2
4212.0,1
4214.0,1
4215.0,2
4216.0,2
4217.0,1
4218.0,2
4219.0,1
4220.0,1
4223.0,1
4225.0,2
4226.0,2
4229.0,1
4230.0,1
4232.0,1
4235.0,1
4237.0,2
4238.0,2
4241.0,1
4245.0,1
4250.0,1
4252.0,1
4253.0,1
4254.0,2
4255.0,2
4256.0,2
4259.0,1
4261.0,1
4262.0,1
4263.0,1
4265.0,1
4267.0,1
4268.0,2
4270.0,2
4272.0,1
4275.0,1
4276.0,1
4278.0,1
4280.0,1
4282.0,3
4284.0,2
4289.0,2
4291.0,1
4294.0,1
4298.0,1
4299.0,1
4302.0,1
4308.0,2
4309.0,2
4311.0,1
4313.0,1
4316.0,1
4317.0,1
4318.0,1
4320.0,1
4322.0,1
4323.0,3
4325.0,1
4326.0,1
4329.0,1
4332.0,1
4333.0,1
4334.0,1
4335.0,2
4337.0,2
4339.0,2
4340.0,1
4342.0,2
4343.0,1
4344.0,2
4345.0,1
4347.0,2
4349.0,1
4350.0,1
4351.0,2
4352.0,1
4354.0,2
4360.0,2
4362.0,2
4363.0,1
4365.0,1
4367.0,1
4368.0,3
4373.0,2
4375.0,1
4376.0,1
4377.0,1
4378.0,1
4382.0,1
4384.0,1
4387.0,1
4388.0,2
4391.0,1
4392.0,3
4394.0,1
4395.0,1
4399.0,1
4401.0,1
4404.0,3
4407.0,2
4408.0,1
4409.0,1
4410.0,1
4412.0,1
4413.0,1
4415.0,1
4417.0,1
4419.0,1
4420.0,1
4421.0,2
4422.0,2
4425.0,1
4429.0,2
4431.0,2
4432.0,1
4433.0,1
4434.0,1
4435.0,1
4436.0,1
4437.0,3
4438.0,2
4440.0,2
4441.0,1
4442.0,2
4445.0,1
4446.0,2
4447.0,2
4448.0,1
4449.0,3
4450.0,1
4451.0,3
4452.0,1
4453.0,1
4455.0,4
4458.0,1
4460.0,1
4463.0,2
4464.0,2
4465.0,1
4466.0,2
4467.0,1
4468.0,2
4469.0,1
4473.0,2
4474.0,1
4478.0,1
4479.0,2
4480.0,2
4484.0,1
4485.0,5
4492.0,2
4493.0,2
4498.0,2
4499.0,1
4500.0,2
4503.0,1
4504.0,1
4505.0,1
4506.0,2
4507.0,3
4510.0,1
4511.0,1
4515.0,2
4516.0,2
4517.0,1
4518.0,2
4521.0,1
4522.0,3
4523.0,3
4524.0,2
4527.0,1
4528.0,1
4529.0,1
4530.0,1
4531.0,1
4534.0,1
4537.0,1
4539.0,1
4540.0,1
4542.0,2
4546.0,1
4547.0,2
4548.0,1
4550.0,1
4552.0,1
4554.0,3
4555.0,2
4558.0,1
4559.0,1
4561.0,4
4562.0,1
4565.0,1
4567.0,2
4569.0,4
4570.0,1
4571.0,2
4572.0,1
4573.0,1
4577.0,2
4578.0,1
4579.0,1
4580.0,3
4581.0,1
4582.0,1
4587.0,2
4588.0,1
4589.0,1
4590.0,1
4592.0,1
4593.0,1
4595.0,1
4597.0,2
4598.0,1
4600.0,2
4601.0,1
4602.0,1
4603.0,3
4605.0,1
4606.0,3
4609.0,1
4610.0,2
4611.0,1
4613.0,1
4614.0,2
4615.0,2
4616.0,1
4617.0,2
4618.0,1
4619.0,2
4621.0,2
4624.0,1
4625.0,1
4626.0,1
4627.0,1
4628.0,1
4630.0,2
4631.0,2
4632.0,1
4634.0,1
4636.0,2
4638.0,1
4639.0,2
4641.0,1
4642.0,1
4643.0,2
4645.0,4
4646.0,1
4647.0,1
4648.0,1
4650.0,2
4655.0,2
4657.0,2
4658.0,2
4661.0,1
4665.0,1
4668.0,2
4669.0,1
4670.0,3
4672.0,2
4673.0,1
4674.0,1
4676.0,1
4677.0,2
4681.0,2
4682.0,2
4683.0,1
4684.0,1
4685.0,2
4686.0,1
4688.0,1
4689.0,2
4690.0,2
4691.0,1
4693.0,2
4694.0,2
4695.0,1
4696.0,2
4697.0,2
4699.0,6
4701.0,1
4702.0,3
4703.0,1
4704.0,2
4705.0,1
4707.0,2
4709.0,1
4710.0,1
4713.0,1
4715.0,1
4716.0,1
4717.0,2
4718.0,2
4720.0,1
4723.0,4
4724.0,2
4725.0,1
4726.0,2
4727.0,1
4729.0,2
4735.0,2
4737.0,2
4738.0,2
4740.0,1
4743.0,1
4747.0,1
4748.0,1
4749.0,1
4750.0,1
4751.0,1
4752.0,1
4753.0,2
4754.0,1
4755.0,1
4756.0,3
4757.0,1
4758.0,1
4759.0,1
4762.0,3
4763.0,2
4764.0,1
4765.0,1
4766.0,1
4767.0,1
4768.0,1
4770.0,1
4771.0,1
4772.0,1
4773.0,2
4775.0,3
4776.0,2
4779.0,1
4782.0,1
4783.0,1
4784.0,3
4787.0,1
4788.0,1
4789.0,1
4792.0,1
4793.0,2
4796.0,2
4799.0,1
4801.0,1
4802.0,2
4803.0,1
4804.0,4
4806.0,1
4808.0,1
4809.0,1
4810.0,3
4811.0,1
4812.0,1
4815.0,4
4816.0,1
4818.0,1
4819.0,1
4821.0,1
4822.0,2
4823.0,1
4824.0,1
4827.0,1
4833.0,1
4834.0,1
4838.0,1
4839.0,1
4840.0,1
4841.0,1
4842.0,2
4843.0,1
4844.0,1
4845.0,1
4846.0,1
4847.0,2
4849.0,1
4850.0,1
4852.0,1
4853.0,1
4854.0,2
4855.0,2
4856.0,1
4859.0,2
4860.0,1
4861.0,2
4862.0,1
4864.0,2
4865.0,2
4866.0,1
4868.0,1
4869.0,2
4872.0,1
4874.0,1
4876.0,1
4877.0,2
4878.0,2
4879.0,1
4880.0,2
4881.0,1
4882.0,3
4884.0,2
4886.0,1
4887.0,1
4888.0,1
4890.0,2
4893.0,2
4894.0,1
4896.0,1
4897.0,1
4898.0,1
4899.0,1
4900.0,1
4901.0,2
4903.0,3
4904.0,2
4907.0,1
4909.0,3
4910.0,1
4912.0,1
4913.0,2
4915.0,1
4916.0,1
4918.0,1
4919.0,2
4922.0,1
4923.0,1
4924.0,1
4925.0,2
4926.0,2
4927.0,1
4928.0,1
4929.0,2
4931.0,1
4935.0,1
4936.0,1
4937.0,1
4939.0,1
4941.0,1
4943.0,1
4944.0,1
4946.0,2
4947.0,1
4948.0,1
4949.0,2
4950.0,1
4951.0,1
4953.0,1
4954.0,1
4955.0,1
4957.0,1
4958.0,3
4961.0,1
4963.0,2
4964.0,1
4965.0,1
4967.0,1
4970.0,1
4971.0,1
4972.0,1
4973.0,2
4977.0,3
4979.0,1
4981.0,2
4983.0,3
4984.0,2
4987.0,2
4990.0,1
4993.0,1
4996.0,3
4999.0,1
5001.0,3
5006.0,1
5007.0,2
5008.0,1
5010.0,1
5012.0,1
5013.0,1
5014.0,1
5015.0,3
5016.0,2
5017.0,2
5018.0,1
5019.0,3
5021.0,1
5022.0,2
5023.0,2
5024.0,1
5025.0,1
5026.0,1
5027.0,1
5028.0,2
5030.0,1
5032.0,1
5033.0,1
5034.0,2
5035.0,3
5038.0,2
5039.0,1
5046.0,1
5047.0,2
5048.0,2
5049.0,1
5053.0,2
5054.0,1
5055.0,1
5056.0,1
5059.0,1
5060.0,1
5061.0,1
5063.0,1
5064.0,1
5065.0,1
5067.0,2
5071.0,1
5074.0,1
5075.0,2
5079.0,2
5082.0,2
5083.0,2
5085.0,2
5086.0,1
5088.0,1
5089.0,1
5090.0,2
5093.0,5
5096.0,1
5097.0,1
5099.0,2
5100.0,1
5104.0,2
5105.0,1
5110.0,1
5111.0,1
5112.0,3
5113.0,1
5116.0,2
5117.0,1
5118.0,1
5121.0,1
5122.0,1
5123.0,3
5125.0,1
5126.0,1
5128.0,2
5130.0,1
5131.0,1
5134.0,1
5135.0,1
5136.0,2
5137.0,1
5140.0,1
5142.0,1
5143.0,1
5144.0,2
5145.0,1
5146.0,2
5147.0,2
5148.0,1
5151.0,1
5154.0,1
5157.0,1
5158.0,1
5160.0,2
5171.0,3
5172.0,1
5173.0,2
5175.0,2
5177.0,1
5180.0,3
5181.0,1
5183.0,1
5184.0,1
5186.0,1
5187.0,2
5189.0,3
5190.0,1
5191.0,2
5192.0,2
5194.0,1
5197.0,2
5198.0,2
5200.0,1
5202.0,1
5203.0,2
5205.0,2
5209.0,3
5210.0,3
5211.0,1
5214.0,1
5215.0,1
5217.0,1
5219.0,2
5222.0,3
5223.0,1
5226.0,2
5228.0,2
5229.0,1
5231.0,4
5232.0,3
5234.0,1
5235.0,1
5237.0,1
5238.0,1
5239.0,1
5240.0,1
5241.0,1
5242.0,2
5243.0,1
5246.0,2
5247.0,1
5249.0,1
5250.0,2
5255.0,3
5257.0,1
5258.0,2
5262.0,1
5263.0,2
5264.0,1
5266.0,1
5267.0,2
5268.0,1
5272.0,1
5275.0,1
5276.0,2
5277.0,2
5278.0,6
5279.0,2
5280.0,1
5282.0,3
5283.0,1
5284.0,1
5285.0,1
5286.0,1
5290.0,1
5291.0,1
5292.0,1
5293.0,1
5294.0,1
5296.0,1
5298.0,1
5299.0,1
5300.0,1
5302.0,3
5303.0,1
5304.0,4
5305.0,1
5306.0,1
5307.0,2
5308.0,1
5309.0,1
5310.0,2
5311.0,1
5314.0,1
5315.0,1
5316.0,1
5317.0,2
5318.0,1
5319.0,1
5322.0,1
5324.0,1
5325.0,1
5327.0,1
5328.0,2
5329.0,1
5330.0,3
5332.0,2
5335.0,3
5336.0,1
5340.0,1
5341.0,1
5343.0,1
5344.0,2
5345.0,1
5346.0,2
5348.0,1
5349.0,1
5350.0,1
5351.0,2
5353.0,2
5355.0,1
5356.0,1
5358.0,1
5360.0,1
5361.0,1
5362.0,2
5363.0,1
5364.0,1
5366.0,1
5367.0,1
5368.0,1
5371.0,1
5372.0,1
5373.0,1
5375.0,1
5376.0,2
5377.0,1
5380.0,1
5381.0,2
5382.0,2
5383.0,2
5384.0,2
5385.0,1
5388.0,1
5389.0,1
5390.0,1
5392.0,1
5393.0,1
5397.0,1
5401.0,2
5404.0,1
5406.0,4
5407.0,2
5408.0,1
5410.0,1
5411.0,1
5413.0,1
5417.0,1
5419.0,1
5422.0,1
5423.0,2
5425.0,1
5426.0,1
5428.0,3
5430.0,1
5433.0,1
5434.0,3
5436.0,1
5438.0,1
5439.0,1
5440.0,1
5441.0,2
5442.0,2
5444.0,2
5445.0,1
5447.0,2
5448.0,1
5450.0,1
5452.0,1
5454.0,2
5455.0,1
5460.0,2
5461.0,3
5463.0,1
5465.0,1
5468.0,2
5469.0,1
5470.0,1
5471.0,1
5472.0,1
5473.0,1
5475.0,2
5477.0,1
5478.0,1
5479.0,1
5480.0,1
5482.0,1
5484.0,1
5485.0,2
5486.0,2
5489.0,1
5490.0,1
5491.0,2
5492.0,1
5493.0,3
5495.0,1
5498.0,2
5499.0,1
5501.0,1
5503.0,2
5504.0,2
5505.0,1
5506.0,1
5507.0,1
5513.0,1
5515.0,1
5516.0,2
5521.0,1
5522.0,1
5526.0,2
5527.0,1
5528.0,2
5529.0,3
5532.0,1
5535.0,1
5537.0,1
5538.0,1
5541.0,1
5542.0,2
5550.0,4
5551.0,2
5555.0,1
5556.0,2
5557.0,2
5558.0,1
5560.0,1
5563.0,1
5565.0,1
5566.0,2
5567.0,1
5568.0,2
5569.0,1
5570.0,1
5571.0,2
5572.0,1
5573.0,1
5574.0,1
5577.0,3
5578.0,1
5579.0,1
5580.0,1
5581.0,3
5582.0,2
5583.0,2
5584.0,1
5585.0,1
5586.0,1
5587.0,1
5590.0,2
5593.0,1
5595.0,1
5597.0,1
5599.0,2
5602.0,1
5603.0,2
5605.0,3
5607.0,1
5608.0,1
5609.0,3
5610.0,1
5611.0,1
5613.0,1
5615.0,1
5616.0,1
5617.0,1
5618.0,1
5619.0,1
5625.0,1
5626.0,3
5628.0,1
5629.0,1
5630.0,2
5632.0,3
5635.0,1
5637.0,2
5639.0,1
5640.0,1
5641.0,1
5643.0,1
5644.0,3
5645.0,1
5646.0,1
5647.0,1
5651.0,1
5653.0,1
5654.0,2
5655.0,1
5656.0,1
5657.0,1
5658.0,1
5661.0,1
5663.0,1
5665.0,2
5666.0,2
5667.0,2
5670.0,1
5672.0,1
5674.0,3
5676.0,1
5678.0,1
5682.0,1
5685.0,1
5686.0,1
5687.0,1
5689.0,1
5691.0,1
5694.0,1
5695.0,1
5696.0,1
5698.0,1
5699.0,2
5700.0,1
5702.0,3
5707.0,1
5708.0,1
5710.0,1
5712.0,1
5715.0,1
5716.0,3
5717.0,1
5719.0,1
5720.0,2
5722.0,1
5726.0,1
5727.0,3
5728.0,1
5729.0,1
5730.0,5
5731.0,4
5733.0,3
5734.0,1
5735.0,2
5736.0,3
5737.0,1
5738.0,1
5739.0,1
5740.0,1
5741.0,1
5742.0,1
5743.0,1
5744.0,1
5746.0,1
5747.0,2
5749.0,1
5750.0,2
5754.0,1
5755.0,2
5756.0,1
5757.0,2
5761.0,1
5764.0,2
5767.0,1
5769.0,1
5770.0,2
5772.0,1
5775.0,1
5776.0,2
5778.0,1
5781.0,1
5782.0,3
5784.0,1
5786.0,3
5787.0,1
5788.0,1
5791.0,1
5792.0,1
5794.0,1
5795.0,1
5796.0,3
5802.0,1
5803.0,3
5805.0,1
5808.0,2
5810.0,1
5812.0,3
5820.0,1
5822.0,1
5824.0,1
5827.0,1
5828.0,1
5829.0,1
5831.0,1
5832.0,1
5833.0,2
5834.0,1
5835.0,2
5836.0,1
5837.0,2
5838.0,1
5841.0,1
5843.0,1
5845.0,1
5847.0,2
5854.0,1
5856.0,2
5859.0,1
5863.0,1
5864.0,4
5865.0,2
5868.0,3
5870.0,1
5873.0,1
5874.0,1
5875.0,1
5878.0,2
5883.0,1
5884.0,4
5885.0,1
5887.0,1
5889.0,1
5890.0,3
5892.0,1
5894.0,2
5895.0,1
5896.0,1
5897.0,1
5898.0,1
5899.0,3
5900.0,1
5901.0,1
5902.0,2
5903.0,2
5904.0,1
5906.0,2
5907.0,3
5909.0,1
5912.0,1
5915.0,1
5916.0,1
5917.0,1
5919.0,1
5923.0,2
5924.0,2
5926.0,1
5928.0,1
5931.0,2
5933.0,1
5935.0,1
5936.0,2
5937.0,1
5938.0,2
5939.0,1
5940.0,1
5942.0,2
5943.0,1
5947.0,1
5951.0,2
5952.0,1
5954.0,1
5955.0,1
5957.0,1
5961.0,1
5963.0,1
5965.0,2
5969.0,1
5970.0,1
5972.0,2
5973.0,1
5974.0,1
5976.0,1
5980.0,4
5984.0,1
5987.0,1
5988.0,1
5989.0,1
5994.0,1
5995.0,1
5996.0,2
5997.0,1
5999.0,1
6008.0,1
6009.0,1
6011.0,1
6012.0,1
6014.0,4
6016.0,2
6017.0,2
6019.0,1
6020.0,1
6022.0,2
6023.0,2
6027.0,1
6029.0,1
6031.0,1
6033.0,1
6034.0,1
6040.0,1
6041.0,1
6042.0,1
6043.0,1
6046.0,1
6050.0,2
6051.0,1
6052.0,1
6053.0,1
6061.0,3
6062.0,2
6065.0,1
6068.0,1
6071.0,1
6073.0,1
6075.0,1
6076.0,1
6077.0,1
6080.0,1
6082.0,2
6083.0,1
6085.0,1
6086.0,1
6088.0,1
6091.0,1
6094.0,1
6096.0,1
6097.0,1
6099.0,1
6101.0,1
6103.0,1
6104.0,1
6105.0,1
6108.0,1
6110.0,1
6112.0,1
6114.0,1
6118.0,1
6122.0,3
6123.0,1
6126.0,2
6129.0,3
6132.0,1
6133.0,2
6135.0,1
6136.0,1
6139.0,1
6144.0,1
6148.0,1
6149.0,1
6150.0,1
6153.0,2
6155.0,1
6156.0,1
6161.0,1
6162.0,1
6163.0,1
6164.0,1
6168.0,1
6169.0,2
6171.0,1
6172.0,1
6175.0,1
6181.0,1
6183.0,2
6185.0,1
6186.0,1
6187.0,1
6188.0,1
6191.0,3
6194.0,2
6196.0,1
6199.0,1
6203.0,1
6205.0,1
6208.0,1
6209.0,3
6210.0,1
6211.0,1
6216.0,1
6218.0,1
6219.0,1
6221.0,1
6223.0,1
6225.0,2
6226.0,1
6227.0,1
6231.0,1
6237.0,1
6238.0,1
6247.0,1
6248.0,1
6249.0,1
6251.0,1
6262.0,1
6263.0,1
6265.0,1
6266.0,1
6267.0,3
6273.0,1
6274.0,1
6275.0,3
6276.0,1
6277.0,1
6278.0,1
6282.0,1
6285.0,1
6287.0,1
6289.0,2
6292.0,1
6293.0,2
6302.0,1
6307.0,1
6313.0,1
6316.0,1
6318.0,2
6319.0,1
6321.0,1
6325.0,1
6330.0,2
6333.0,1
6334.0,1
6335.0,1
6336.0,2
6341.0,1
6346.0,1
6349.0,1
6353.0,2
6355.0,1
6361.0,2
6362.0,1
6364.0,2
6366.0,1
6368.0,2
6372.0,1
6376.0,1
6377.0,2
6379.0,1
6380.0,1
6381.0,3
6384.0,1
6386.0,1
6389.0,1
6391.0,3
6393.0,2
6397.0,2
6402.0,1
6403.0,1
6406.0,1
6409.0,1
6410.0,1
6413.0,1
6419.0,1
6423.0,1
6424.0,1
6425.0,1
6429.0,1
6431.0,1
6436.0,1
6437.0,1
6451.0,1
6457.0,1
6465.0,1
6467.0,2
6469.0,1
6470.0,1
6471.0,1
6481.0,2
6482.0,1
6484.0,2
6490.0,1
6494.0,1
6495.0,1
6498.0,1
6500.0,1
6507.0,1
6509.0,2
6510.0,2
6512.0,2
6514.0,2
6518.0,1
6519.0,2
6525.0,1
6528.0,1
6530.0,1
6531.0,2
6535.0,1
6538.0,1
6541.0,1
6542.0,2
6543.0,1
6544.0,1
6545.0,1
6548.0,1
6552.0,1
6555.0,1
6559.0,1
6564.0,1
6568.0,2
6571.0,1
6576.0,1
6578.0,2
6582.0,1
6586.0,1
6590.0,1
6592.0,1
6602.0,1
6605.0,1
6607.0,1
6608.0,2
6610.0,1
6616.0,1
6620.0,1
6630.0,1
6634.0,1
6635.0,1
6637.0,1
6641.0,1
6643.0,1
6644.0,2
6645.0,1
6647.0,1
6648.0,1
6655.0,1
6660.0,1
6664.0,1
6665.0,1
6666.0,2
6669.0,2
6670.0,1
6671.0,1
6673.0,1
6678.0,1
6681.0,1
6683.0,1
6687.0,1
6690.0,1
6692.0,1
6693.0,1
6697.0,1
6699.0,2
6706.0,1
6707.0,1
6713.0,1
6726.0,1
6730.0,2
6732.0,1
6734.0,1
6752.0,1
6755.0,1
6759.0,1
6760.0,1
6761.0,1
6766.0,1
6767.0,2
6769.0,1
6773.0,1
6774.0,1
6778.0,1
6779.0,2
6781.0,1
6782.0,1
6783.0,1
6784.0,2
6792.0,1
6794.0,1
6796.0,1
6800.0,1
6803.0,1
6814.0,2
6816.0,1
6820.0,1
6821.0,1
6824.0,1
6830.0,1
6833.0,1
6837.0,1
6841.0,1
6845.0,2
6846.0,1
6854.0,1
6855.0,2
6858.0,1
6863.0,1
6864.0,1
6866.0,2
6869.0,1
6871.0,1
6872.0,1
6874.0,1
6875.0,1
6885.0,1
6890.0,1
6894.0,1
6896.0,1
6897.0,1
6903.0,2
6905.0,1
6907.0,2
6908.0,1
6914.0,1
6915.0,1
6916.0,1
6918.0,1
6920.0,1
6923.0,2
6924.0,1
6927.0,1
6929.0,1
6931.0,1
6932.0,2
6934.0,1
6936.0,1
6946.0,1
6947.0,2
6948.0,1
6949.0,2
6951.0,1
6954.0,1
6958.0,2
6970.0,1
6971.0,1
6972.0,1
6975.0,1
6979.0,1
6982.0,1
6984.0,1
6986.0,1
6987.0,1
6990.0,1
6992.0,1
6993.0,1
6998.0,1
6999.0,1
7003.0,2
7009.0,1
7014.0,1
7018.0,1
7019.0,1
7028.0,1
7033.0,1
7039.0,1
7046.0,1
7050.0,1
7052.0,1
7053.0,1
7059.0,1
7069.0,1
7071.0,1
7072.0,1
7073.0,1
7075.0,1
7082.0,1
7088.0,1
7089.0,1
7091.0,1
7097.0,1
7099.0,1
7116.0,1
7117.0,1
7124.0,1
7129.0,2
7137.0,2
7138.0,1
7140.0,1
7143.0,1
7144.0,1
7145.0,1
7154.0,1
7157.0,1
7158.0,1
7163.0,1
7165.0,1
7171.0,1
7173.0,1
7181.0,1
7183.0,1
7194.0,1
7205.0,1
7224.0,1
7227.0,1
7236.0,1
7245.0,1
7256.0,1
7264.0,1
7266.0,1
7277.0,1
7279.0,1
7280.0,2
7281.0,1
7285.0,1
7288.0,1
7294.0,1
7296.0,1
7300.0,1
7302.0,2
7305.0,1
7312.0,1
7321.0,1
7322.0,1
7325.0,1
7326.0,2
7329.0,1
7339.0,1
7348.0,1
7355.0,2
7356.0,1
7359.0,1
7360.0,1
7361.0,1
7362.0,1
7364.0,1
7365.0,1
7367.0,1
7376.0,1
7380.0,1
7389.0,2
7391.0,1
7396.0,1
7417.0,1
7421.0,1
7425.0,1
7426.0,2
7427.0,1
7429.0,1
7432.0,2
7434.0,1
7438.0,1
7440.0,2
7443.0,1
7444.0,1
7446.0,1
7448.0,1
7456.0,1
7460.0,1
7465.0,1
7468.0,1
7472.0,1
7474.0,1
7475.0,1
7480.0,2
7483.0,1
7494.0,1
7496.0,2
7497.0,1
7499.0,1
7501.0,1
7502.0,1
7503.0,1
7504.0,1
7505.0,1
7510.0,1
7516.0,1
7520.0,1
7524.0,1
7536.0,1
7539.0,2
7541.0,1
7545.0,1
7547.0,1
7549.0,1
7550.0,1
7561.0,1
7562.0,1
7564.0,2
7568.0,1
7571.0,1
7574.0,1
7578.0,1
7580.0,1
7582.0,1
7586.0,3
7590.0,1
7591.0,1
7592.0,1
7595.0,1
7596.0,1
7599.0,1
7602.0,1
7611.0,1
7613.0,1
7623.0,1
7625.0,1
7632.0,2
7637.0,1
7638.0,1
7646.0,1
7648.0,2
7650.0,1
7653.0,1
7659.0,1
7667.0,1
7671.0,1
7677.0,1
7683.0,1
7690.0,1
7693.0,1
7700.0,1
7702.0,1
7708.0,1
7710.0,2
7712.0,1
7714.0,1
7715.0,1
7716.0,1
7720.0,1
7724.0,1
7726.0,1
7729.0,1
7731.0,1
7738.0,1
7739.0,1
7742.0,1
7746.0,1
7747.0,2
7749.0,1
7750.0,1
7757.0,1
7759.0,1
7761.0,1
7762.0,2
7766.0,1
7767.0,1
7768.0,1
7773.0,1
7775.0,1
7779.0,3
7791.0,1
7795.0,1
7796.0,1
7797.0,1
7799.0,1
7800.0,1
7802.0,1
7808.0,1
7812.0,1
7813.0,1
7817.0,1
7818.0,2
7822.0,1
7825.0,1
7828.0,1
7830.0,2
7833.0,1
7834.0,1
7841.0,1
7843.0,1
7845.0,1
7853.0,1
7857.0,1
7860.0,1
7867.0,1
7868.0,1
7872.0,1
7874.0,1
7876.0,1
7886.0,1
7896.0,1
7897.0,1
7899.0,1
7900.0,1
7901.0,1
7905.0,1
7906.0,1
7918.0,1
7928.0,2
7930.0,1
7933.0,1
7934.0,1
7944.0,1
7948.0,1
7963.0,3
7972.0,1
7989.0,1
7994.0,1
7996.0,2
8006.0,1
8007.0,1
8009.0,1
8012.0,1
8013.0,1
8015.0,1
8019.0,1
8026.0,1
8030.0,1
8031.0,1
8034.0,1
8037.0,1
8043.0,1
8045.0,1
8046.0,2
8048.0,1
8049.0,1
8055.0,1
8058.0,1
8059.0,2
8060.0,2
8065.0,1
8068.0,1
8069.0,1
8074.0,1
8080.0,1
8083.0,1
8084.0,2
8087.0,1
8090.0,1
8092.0,1
8093.0,1
8096.0,1
8097.0,1
8108.0,2
8109.0,1
8114.0,2
8120.0,1
8129.0,2
8131.0,1
8135.0,1
8142.0,1
8145.0,1
8148.0,2
8150.0,1
8153.0,1
8161.0,1
8163.0,1
8165.0,1
8167.0,2
8168.0,1
8172.0,1
8177.0,1
8182.0,1
8186.0,2
8196.0,1
8200.0,1
8202.0,1
8204.0,2
8205.0,1
8206.0,2
8208.0,1
8211.0,2
8213.0,1
8216.0,1
8218.0,1
8221.0,1
8226.0,1
8228.0,1
8232.0,1
8233.0,1
8236.0,1
8240.0,1
8241.0,1
8243.0,1
8245.0,1
8246.0,1
8247.0,1
8248.0,1
8252.0,1
8257.0,1
8259.0,1
8260.0,3
8264.0,1
8273.0,1
8277.0,1
8285.0,1
8288.0,1
8297.0,1
8302.0,1
8305.0,1
8306.0,1
8308.0,1
8313.0,1
8316.0,1
8324.0,1
8337.0,2
8341.0,1
8344.0,1
8349.0,1
8352.0,1
8354.0,2
8358.0,1
8360.0,1
8361.0,1
8365.0,4
8367.0,1
8370.0,1
8373.0,1
8375.0,1
8377.0,1
8380.0,1
8384.0,1
8390.0,2
8392.0,2
8394.0,2
8399.0,1
8407.0,2
8411.0,2
8412.0,1
8416.0,2
8418.0,1
8420.0,1
8423.0,1
8429.0,3
8430.0,2
8431.0,1
8438.0,1
8442.0,1
8445.0,1
8446.0,1
8448.0,1
8453.0,1
8455.0,2
8463.0,1
8475.0,1
8488.0,1
8493.0,1
8494.0,2
8495.0,2
8501.0,1
8503.0,1
8504.0,1
8506.0,2
8511.0,1
8518.0,1
8523.0,2
8539.0,1
8543.0,1
8548.0,1
8551.0,1
8552.0,1
8559.0,1
8562.0,1
8564.0,1
8566.0,1
8567.0,1
8569.0,2
8571.0,1
8578.0,2
8579.0,1
8585.0,1
8591.0,1
8594.0,1
8598.0,1
8603.0,1
8607.0,1
8611.0,1
8620.0,1
8621.0,1
8627.0,1
8642.0,2
8643.0,2
8645.0,1
8646.0,1
8652.0,1
8656.0,1
8660.0,1
8662.0,1
8670.0,1
8673.0,1
8686.0,1
8692.0,1
8695.0,1
8705.0,1
8708.0,1
8709.0,1
8714.0,1
8715.0,1
8717.0,1
8720.0,2
8734.0,1
8738.0,1
8741.0,2
8742.0,1
8744.0,1
8750.0,1
8756.0,3
8757.0,1
8761.0,1
8762.0,1
8763.0,1
8766.0,2
8768.0,2
8770.0,1
8777.0,1
8779.0,1
8780.0,1
8783.0,1
8793.0,2
8795.0,1
8797.0,2
8798.0,1
8801.0,1
8804.0,1
8807.0,1
8810.0,1
8829.0,1
8832.0,1
8833.0,1
8838.0,1
8851.0,1
8859.0,1
8874.0,1
8875.0,3
8876.0,1
8877.0,1
8884.0,1
8888.0,1
8892.0,1
8893.0,1
8895.0,1
8903.0,1
8909.0,1
8914.0,1
8919.0,1
8920.0,1
8923.0,1
8929.0,1
8932.0,1
8939.0,1
8943.0,1
8955.0,2
8960.0,1
8961.0,1
8970.0,1
8972.0,2
8975.0,1
8988.0,1
8993.0,1
9000.0,1
9002.0,1
9004.0,2
9008.0,1
9010.0,1
9012.0,1
9014.0,1
9019.0,1
9023.0,1
9030.0,1
9046.0,1
9048.0,1
9058.0,1
9065.0,1
9067.0,2
9071.0,1
9072.0,1
9079.0,1
9089.0,1
9100.0,1
9107.0,1
9110.0,1
9123.0,1
9130.0,1
9137.0,1
9142.0,1
9144.0,1
9145.0,1
9146.0,1
9149.0,1
9155.0,1
9157.0,1
9158.0,1
9160.0,1
9164.0,1
9170.0,2
9171.0,1
9189.0,1
9190.0,1
9194.0,1
9201.0,1
9205.0,1
9209.0,1
9210.0,1
9217.0,1
9220.0,1
9222.0,1
9224.0,1
9232.0,1
9233.0,1
9234.0,1
9236.0,2
9245.0,1
9258.0,1
9262.0,1
9263.0,1
9269.0,1
9285.0,3
9291.0,1
9292.0,2
9294.0,1
9296.0,2
9308.0,1
9309.0,2
9310.0,2
9311.0,1
9315.0,1
9318.0,1
9320.0,2
9338.0,1
9348.0,1
9351.0,2
9353.0,1
9357.0,1
9360.0,1
9365.0,1
9368.0,1
9370.0,2
9374.0,1
9382.0,1
9388.0,1
9390.0,1
9392.0,1
9394.0,1
9396.0,1
9397.0,1
9405.0,1
9412.0,1
9442.0,1
9457.0,1
9466.0,1
9467.0,1
9477.0,1
9478.0,1
9480.0,1
9482.0,1
9484.0,1
9497.0,1
9499.0,1
9501.0,1
9506.0,1
9509.0,1
9513.0,1
9518.0,1
9519.0,1
9522.0,1
9529.0,1
9535.0,1
9537.0,1
9543.0,1
9553.0,2
9568.0,1
9570.0,1
9576.0,1
9580.0,1
9595.0,1
9602.0,1
9604.0,1
9611.0,1
9620.0,3
9623.0,1
9631.0,1
9633.0,1
9641.0,1
9643.0,1
9644.0,1
9650.0,1
9655.0,1
9663.0,1
9665.0,1
9677.0,1
9680.0,1
9699.0,1
9700.0,1
9706.0,1
9727.0,1
9733.0,1
9734.0,1
9737.0,1
9759.0,1
9762.0,1
9798.0,1
9806.0,3
9809.0,1
9814.0,1
9825.0,1
9833.0,1
9846.0,1
9849.0,1
9853.0,1
9870.0,1
9875.0,1
9890.0,1
9899.0,1
9904.0,1
9905.0,1
9915.0,1
9934.0,1
9935.0,1
9945.0,1
9951.0,1
9952.0,1
9966.0,1
9969.0,1
9972.0,1
9991.0,1
10017.0,1
10024.0,1
10028.0,1
10033.0,1
10039.0,1
10048.0,1
10052.0,1
10059.0,1
10068.0,1
10071.0,1
10074.0,2
10081.0,1
10093.0,1
10104.0,1
10107.0,1
10113.0,1
10138.0,1
10141.0,1
10156.0,1
10158.0,1
10179.0,1
10185.0,1
10188.0,1
10190.0,1
10196.0,1
10208.0,1
10218.0,1
10224.0,1
10234.0,2
10241.0,1
10249.0,1
10253.0,1
10255.0,1
10264.0,1
10268.0,1
10273.0,2
10280.0,1
10288.0,1
10289.0,1
10290.0,1
10317.0,1
10318.0,1
10321.0,1
10328.0,1
10329.0,1
10330.0,1
10344.0,1
10349.0,1
10357.0,1
10359.0,2
10363.0,1
10368.0,1
10376.0,1
10380.0,1
10386.0,1
10396.0,1
10399.0,1
10401.0,1
10404.0,1
10418.0,2
10421.0,1
10432.0,1
10437.0,1
10441.0,1
10445.0,1
10450.0,1
10457.0,1
10459.0,1
10462.0,1
10471.0,1
10472.0,1
10477.0,1
10479.0,1
10480.0,1
10493.0,2
10501.0,1
10507.0,1
10542.0,1
10544.0,1
10545.0,1
10554.0,1
10557.0,1
10565.0,1
10570.0,1
10578.0,1
10582.0,1
10597.0,1
10613.0,1
10614.0,1
10615.0,1
10646.0,1
10647.0,1
10651.0,1
10658.0,1
10661.0,1
10668.0,1
10679.0,1
10688.0,2
10692.0,2
10713.0,1
10732.0,1
10733.0,1
10749.0,1
10754.0,1
10770.0,1
10772.0,1
10781.0,1
10782.0,1
10783.0,1
10791.0,1
10799.0,1
10804.0,1
10813.0,1
10817.0,1
10822.0,1
10837.0,2
10840.0,2
10871.0,1
10874.0,1
10897.0,1
10900.0,1
10912.0,1
10916.0,1
10924.0,1
10930.0,2
10931.0,1
10932.0,1
10933.0,1
10945.0,1
10946.0,1
10950.0,1
10952.0,1
10963.0,1
10967.0,1
10968.0,1
10982.0,1
10984.0,1
10990.0,1
10991.0,1
10997.0,1
11002.0,2
11009.0,1
11013.0,1
11014.0,1
11016.0,1
11017.0,1
11024.0,1
11030.0,1
11041.0,1
11064.0,1
11065.0,1
11076.0,1
11079.0,1
11081.0,1
11083.0,1
11089.0,1
11102.0,1
11106.0,1
11109.0,1
11111.0,1
11114.0,1
11119.0,1
11122.0,2
11130.0,1
11136.0,1
11139.0,1
11144.0,2
11149.0,1
11157.0,1
11162.0,1
11166.0,1
11170.0,1
11173.0,1
11175.0,1
11178.0,1
11191.0,1
11201.0,1
11207.0,1
11214.0,1
11219.0,1
11220.0,1
11221.0,1
11223.0,1
11233.0,1
11238.0,1
11254.0,2
11258.0,1
11261.0,1
11263.0,1
11274.0,1
11287.0,1
11299.0,1
11302.0,1
11304.0,1
11308.0,1
11313.0,1
11319.0,1
11329.0,1
11337.0,3
11341.0,1
11343.0,1
11360.0,1
11369.0,1
11371.0,1
11375.0,2
11387.0,1
11389.0,1
11401.0,1
11402.0,1
11423.0,1
11429.0,2
11443.0,1
11454.0,1
11462.0,1
11468.0,1
11470.0,1
11478.0,1
11479.0,1
11491.0,1
11502.0,1
11507.0,1
11508.0,2
11514.0,1
11520.0,1
11522.0,1
11525.0,1
11527.0,1
11529.0,1
11540.0,1
11557.0,1
11559.0,2
11607.0,1
11614.0,1
11623.0,1
11624.0,1
11626.0,1
11628.0,1
11638.0,1
11641.0,1
11648.0,1
11651.0,1
11653.0,1
11656.0,1
11663.0,1
11679.0,1
11680.0,2
11686.0,1
11694.0,1
11695.0,1
11705.0,1
11724.0,1
11732.0,1
11737.0,1
11741.0,1
11748.0,1
11749.0,1
11751.0,1
11752.0,1
11758.0,1
11760.0,1
11761.0,1
11762.0,1
11779.0,1
11799.0,1
11809.0,1
11812.0,1
11813.0,1
11832.0,1
11844.0,1
11854.0,1
11858.0,1
11864.0,1
11872.0,1
11884.0,1
11886.0,1
11887.0,1
11891.0,1
11922.0,1
11923.0,1
11936.0,1
11956.0,1
11959.0,1
11970.0,1
11980.0,1
11995.0,1
11999.0,1
12001.0,1
12019.0,2
12042.0,1
12055.0,1
12057.0,1
12088.0,1
12101.0,1
12107.0,2
12139.0,1
12158.0,1
12159.0,1
12168.0,1
12169.0,1
12173.0,1
12178.0,1
12182.0,1
12223.0,1
12237.0,1
12243.0,1
12253.0,1
12273.0,1
12280.0,1
12302.0,1
12304.0,1
12315.0,1
12322.0,1
12325.0,1
12336.0,1
12340.0,1
12349.0,1
12355.0,1
12358.0,1
12361.0,1
12364.0,1
12366.0,1
12373.0,1
12378.0,1
12392.0,1
12400.0,1
12437.0,1
12453.0,1
12461.0,1
12480.0,1
12483.0,1
12503.0,2
12505.0,1
12519.0,1
12530.0,2
12554.0,1
12567.0,1
12572.0,1
12576.0,1
12577.0,1
12589.0,1
12597.0,1
12600.0,1
12618.0,1
12631.0,1
12637.0,1
12652.0,1
12654.0,1
12663.0,1
12667.0,1
12692.0,1
12743.0,1
12751.0,2
12768.0,1
12774.0,1
12783.0,1
12795.0,1
12808.0,1
12811.0,1
12818.0,1
12829.0,1
12832.0,1
12836.0,1
12839.0,1
12850.0,1
12859.0,1
12875.0,1
12915.0,1
12929.0,1
12958.0,1
12993.0,1
13038.0,1
13045.0,1
13067.0,1
13073.0,1
13095.0,1
13108.0,1
13122.0,1
13137.0,1
13139.0,1
13154.0,1
13169.0,1
13176.0,1
13180.0,1
13188.0,1
13206.0,1
13218.0,1
13226.0,1
13233.0,1
13241.0,1
13255.0,1
13269.0,1
13271.0,1
13280.0,1
13287.0,1
13294.0,1
13304.0,1
13356.0,1
13359.0,1
13361.0,1
13374.0,1
13387.0,1
13417.0,1
13424.0,1
13425.0,1
13437.0,1
13438.0,1
13447.0,1
13448.0,1
13449.0,1
13452.0,1
13458.0,1
13463.0,1
13476.0,1
13487.0,1
13488.0,1
13489.0,1
13496.0,1
13505.0,1
13525.0,1
13531.0,1
13533.0,1
13535.0,1
13540.0,1
13557.0,1
13564.0,1
13568.0,1
13570.0,1
13571.0,1
13594.0,1
13617.0,1
13624.0,1
13627.0,1
13633.0,1
13647.0,1
13655.0,1
13675.0,1
13684.0,1
13685.0,1
13696.0,1
13729.0,1
13744.0,1
13760.0,1
13763.0,1
13782.0,1
13806.0,1
13817.0,1
13818.0,1
13832.0,1
13837.0,1
13851.0,1
13855.0,1
13856.0,1
13868.0,1
13885.0,1
13886.0,1
13897.0,1
13903.0,1
13938.0,1
13949.0,1
13953.0,1
13961.0,1
13970.0,1
13986.0,1
13992.0,1
14026.0,1
14027.0,1
14028.0,1
14042.0,1
14048.0,1
14053.0,1
14067.0,1
14076.0,1
14085.0,1
14090.0,1
14104.0,1
14106.0,1
14108.0,1
14131.0,1
14136.0,1
14138.0,1
14165.0,1
14208.0,1
14214.0,1
14244.0,1
14261.0,1
14263.0,2
14266.0,1
14294.0,1
14330.0,1
14334.0,1
14347.0,1
14353.0,1
14381.0,1
14383.0,1
14399.0,1
14411.0,1
14415.0,1
14416.0,1
14420.0,1
14431.0,1
14443.0,1
14447.0,1
14453.0,1
14476.0,1
14492.0,1
14493.0,1
14501.0,1
14567.0,1
14596.0,1
14612.0,1
14613.0,1
14632.0,1
14635.0,1
14640.0,1
14658.0,1
14668.0,1
14714.0,1
14719.0,1
14746.0,1
14756.0,1
14757.0,1
14772.0,1
14801.0,1
14808.0,1
14813.0,1
14816.0,1
14819.0,1
14822.0,1
14826.0,1
14829.0,1
14836.0,1
14842.0,1
14845.0,1
14848.0,1
14851.0,1
14854.0,1
14857.0,1
14865.0,1
14871.0,1
14900.0,1
14916.0,1
14928.0,1
14931.0,1
14933.0,1
14943.0,1
14944.0,1
14955.0,1
14987.0,1
15017.0,1
15036.0,1
15039.0,1
15071.0,1
15117.0,1
15123.0,1
15160.0,1
15176.0,1
15193.0,1
15212.0,2
15214.0,1
15261.0,2
15317.0,1
15328.0,1
15334.0,1
15348.0,1
15374.0,1
15417.0,1
15423.0,1
15436.0,1
15474.0,1
15477.0,1
15496.0,1
15507.0,1
15509.0,1
15524.0,1
15527.0,2
15597.0,1
15627.0,1
15659.0,1
15704.0,1
15727.0,1
15729.0,1
15742.0,1
15753.0,1
15791.0,1
15816.0,1
15852.0,1
15892.0,1
15915.0,1
15919.0,1
15952.0,1
15961.0,1
15984.0,1
15988.0,1
16006.0,2
16020.0,1
16042.0,1
16048.0,1
16057.0,1
16081.0,1
16090.0,1
16093.0,1
16132.0,1
16193.0,1
16231.0,1
16254.0,1
16277.0,1
16288.0,1
16311.0,1
16315.0,1
16318.0,1
16327.0,1
16343.0,1
16355.0,1
16412.0,1
16455.0,1
16459.0,1
16463.0,1
16470.0,1
16475.0,1
16517.0,1
16518.0,1
16521.0,1
16534.0,1
16550.0,1
16580.0,1
16586.0,1
16610.0,1
16613.0,1
16630.0,1
16642.0,1
16646.0,1
16690.0,1
16697.0,1
16712.0,1
16778.0,1
16834.0,1
16874.0,2
16890.0,1
16906.0,1
16914.0,1
16921.0,1
16939.0,1
16940.0,1
16949.0,1
16965.0,1
16972.0,1
16973.0,1
16976.0,1
16991.0,1
17008.0,1
17018.0,1
17021.0,1
17024.0,1
17040.0,1
17043.0,1
17064.0,1
17099.0,1
17130.0,1
17132.0,1
17134.0,1
17138.0,1
17147.0,1
17183.0,1
17267.0,1
17268.0,1
17289.0,1
17318.0,1
17320.0,1
17333.0,1
17391.0,1
17401.0,1
17404.0,1
17439.0,1
17492.0,1
17511.0,1
17520.0,1
17523.0,1
17525.0,1
17624.0,1
17626.0,1
17638.0,1
17670.0,1
17716.0,1
17717.0,1
17720.0,1
17722.0,1
17748.0,1
17767.0,1
17802.0,1
17805.0,1
17812.0,1
17826.0,1
17832.0,1
17868.0,1
17895.0,1
17903.0,1
17919.0,1
17921.0,1
18046.0,1
18059.0,1
18085.0,1
18100.0,1
18142.0,1
18153.0,1
18161.0,1
18186.0,1
18242.0,1
18293.0,1
18297.0,1
18327.0,1
18354.0,1
18379.0,1
18396.0,1
18405.0,1
18433.0,1
18437.0,1
18452.0,1
18454.0,1
18456.0,1
18512.0,1
18590.0,1
18644.0,1
18714.0,1
18772.0,1
18910.0,1
18915.0,1
19010.0,1
19020.0,1
19035.0,1
19101.0,1
19165.0,1
19198.0,1
19211.0,1
19215.0,1
19231.0,1
19254.0,1
19258.0,1
19328.0,1
19344.0,1
19354.0,1
19356.0,1
19363.0,1
19386.0,1
19441.0,1
19483.0,1
19487.0,1
19500.0,1
19509.0,1
19562.0,1
19589.0,1
19595.0,1
19605.0,1
19622.0,1
19624.0,1
19666.0,1
19667.0,1
19673.0,1
19675.0,1
19679.0,1
19680.0,1
19731.0,1
19743.0,1
19762.0,1
19763.0,1
19770.0,1
19800.0,1
19810.0,1
19819.0,1
19820.0,1
19852.0,1
19883.0,1
19900.0,1
19919.0,1
19922.0,1
19927.0,1
19980.0,1
20039.0,2
20047.0,1
20112.0,1
20140.0,1
20177.0,1
20264.0,1
20267.0,1
20271.0,2
20288.0,1
20301.0,1
20319.0,1
20331.0,1
20333.0,1
20412.0,1
20464.0,1
20465.0,1
20481.0,1
20492.0,1
20536.0,1
20604.0,1
20615.0,1
20645.0,1
20655.0,1
20763.0,1
20778.0,1
20790.0,1
20967.0,1
21022.0,1
21087.0,1
21105.0,1
21226.0,1
21307.0,1
21419.0,1
21759.0,1
21782.0,1
21848.0,1
21866.0,1
21909.0,1
21973.0,1
21983.0,1
21986.0,1
21995.0,1
22016.0,1
22138.0,1
22144.0,1
22152.0,1
22209.0,1
22221.0,1
22224.0,1
22271.0,1
22272.0,1
22436.0,1
22437.0,1
22468.0,1
22520.0,1
22586.0,1
22593.0,1
22636.0,1
22690.0,1
22704.0,1
22739.0,2
22798.0,1
22811.0,1
22822.0,1
22938.0,1
22943.0,1
22950.0,1
22964.0,1
23004.0,1
23026.0,1
23110.0,1
23118.0,1
23180.0,1
23197.0,1
23277.0,1
23353.0,1
23418.0,1
23441.0,1
23447.0,1
23453.0,1
23462.0,1
23546.0,1
23583.0,1
23684.0,1
23746.0,1
23748.0,1
24068.0,1
24142.0,1
24198.0,1
24365.0,1
24404.0,1
24437.0,1
24481.0,1
24498.0,1
24505.0,1
24609.0,1
24674.0,1
24748.0,1
24784.0,1
24818.0,1
24868.0,1
24927.0,1
24944.0,1
24948.0,1
25014.0,1
25051.0,1
25069.0,1
25101.0,1
25127.0,1
25221.0,1
25293.0,1
25330.0,1
25349.0,1
25380.0,1
25393.0,1
25455.0,1
25460.0,1
25502.0,1
25510.0,1
25536.0,1
25566.0,1
25570.0,1
25589.0,1
25591.0,1
25595.0,1
25772.0,1
25794.0,1
25808.0,1
25837.0,1
25874.0,1
25911.0,1
25921.0,1
25963.0,1
26078.0,1
26079.0,1
26081.0,1
26085.0,1
26201.0,1
26202.0,1
26203.0,1
26236.0,1
26257.0,1
26288.0,1
26319.0,1
26320.0,1
26372.0,1
26416.0,1
26440.0,1
26458.0,1
26483.0,1
26485.0,1
26563.0,1
26590.0,1
26618.0,1
26639.0,1
26805.0,1
26860.0,1
26913.0,1
26918.0,1
27009.0,1
27100.0,1
27105.0,1
27185.0,1
27192.0,1
27496.0,1
27646.0,1
27773.0,1
27807.0,1
27951.0,1
27999.0,1
28012.0,1
28073.0,1
28112.0,1
28198.0,1
28222.0,1
28263.0,1
28320.0,1
28440.0,1
28556.0,1
28675.0,1
28677.0,1
28787.0,1
28796.0,1
28798.0,1
28808.0,1
28849.0,1
28902.0,1
28921.0,1
29062.0,1
29073.0,1
29104.0,1
29164.0,1
29225.0,1
29396.0,1
29416.0,1
29417.0,1
29518.0,1
29562.0,1
29573.0,1
29619.0,1
29635.0,1
29715.0,1
29801.0,1
29819.0,1
29890.0,1
30235.0,1
30281.0,1
30320.0,1
30664.0,1
30714.0,1
30763.0,1
30877.0,1
30915.0,1
30994.0,1
31029.0,1
31193.0,1
31236.0,1
31249.0,1
31266.0,1
31300.0,1
31320.0,1
31344.0,1
31695.0,1
31810.0,1
31830.0,1
31925.0,1
31961.0,1
31999.0,1
32177.0,1
32277.0,1
32449.0,1
32620.0,1
32831.0,1
32883.0,1
32915.0,1
33194.0,1
33332.0,1
33527.0,1
33587.0,1
33628.0,1
33635.0,1
33703.0,1
33892.0,1
34045.0,1
34047.0,1
34119.0,1
34220.0,1
34289.0,1
34308.0,1
34341.0,1
34350.0,1
34391.0,1
34403.0,1
34415.0,1
34561.0,1
34596.0,1
34886.0,1
35063.0,1
35137.0,1
35139.0,1
35212.0,1
35462.0,1
35592.0,1
35896.0,1
35942.0,1
35982.0,1
36237.0,1
36611.0,1
36623.0,1
36708.0,1
36736.0,1
36812.0,1
37096.0,1
37123.0,1
37170.0,1
37181.0,1
37217.0,1
37224.0,1
37265.0,1
37296.0,1
37397.0,1
37423.0,1
37503.0,1
37883.0,1
37904.0,1
38234.0,1
38262.0,1
38437.0,1
38488.0,1
38569.0,1
38632.0,1
39463.0,1
39516.0,1
39526.0,1
39569.0,1
39694.0,1
39868.0,1
39942.0,1
39944.0,1
39982.0,1
40032.0,1
40069.0,1
40124.0,1
40165.0,1
40201.0,1
40257.0,1
40304.0,1
40391.0,1
40549.0,1
40569.0,1
40603.0,1
40646.0,1
40705.0,1
40764.0,1
40800.0,1
41166.0,1
41372.0,1
41474.0,1
41640.0,1
41790.0,1
41865.0,1
41982.0,1
42103.0,1
42395.0,1
42474.0,1
42477.0,1
42707.0,1
42835.0,1
43309.0,1
43478.0,1
43634.0,1
43922.0,1
44079.0,1
44630.0,1
44916.0,1
44964.0,1
45168.0,1
45471.0,1
45602.0,1
45838.0,1
46241.0,1
46349.0,1
46448.0,1
46765.0,1
46803.0,1
46833.0,1
47108.0,1
47290.0,1
47646.0,1
47900.0,1
47944.0,1
47999.0,1
48235.0,1
48432.0,1
48452.0,1
48613.0,1
48949.0,1
49024.0,1
49055.0,1
49170.0,1
49178.0,1
49323.0,1
49443.0,1
49632.0,1
50553.0,1
51198.0,1
51483.0,1
51587.0,1
51615.0,1
51786.0,1
52024.0,1
52128.0,1
52236.0,1
52255.0,1
52431.0,1
52459.0,1
52861.0,1
53198.0,1
53338.0,1
53879.0,1
53947.0,1
54083.0,1
54090.0,1
54245.0,1
54356.0,1
54666.0,1
54673.0,1
54967.0,1
55071.0,1
55536.0,1
56005.0,1
56324.0,1
56338.0,1
56395.0,1
57096.0,1
57131.0,1
57156.0,1
57200.0,1
57366.0,1
57459.0,1
57514.0,1
57685.0,1
57772.0,1
57905.0,1
58033.0,1
58190.0,1
58394.0,1
58993.0,1
59162.0,1
59290.0,1
59340.0,1
59595.0,1
59816.0,1
59857.0,1
60020.0,1
60247.0,1
60382.0,1
60472.0,1
60549.0,1
60771.0,1
60917.0,1
61046.0,1
61174.0,1
61253.0,1
61967.0,1
62105.0,1
62136.0,1
62195.0,1
62363.0,1
63000.0,1
63568.0,1
65333.0,1
65505.0,1
66348.0,1
66715.0,1
66894.0,1
67726.0,1
67805.0,1
68056.0,1
68129.0,1
68521.0,1
68685.0,1
69389.0,1
70060.0,1
71128.0,1
71464.0,1
72266.0,1
72549.0,1
73139.0,1
73766.0,1
73868.0,1
73952.0,1
74134.0,1
74299.0,1
75272.0,1
76281.0,1
76613.0,1
76702.0,1
77376.0,1
77604.0,1
77768.0,1
77965.0,1
79266.0,1
80163.0,1
81793.0,1
82850.0,1
83122.0,1
83242.0,1
83406.0,1
85181.0,1
86025.0,1
86379.0,1
87676.0,1
88893.0,1
88936.0,1
89009.0,1
89919.0,1
90402.0,1
92508.0,1
94194.0,1
94742.0,1
96620.0,1
96782.0,1
97395.0,1
97762.0,1
97923.0,1
104309.0,1
104644.0,1
106321.0,1
109389.0,1
112049.0,1
114189.0,1
114208.0,1
118848.0,1
120388.0,1
121758.0,1
124765.0,1
132231.0,1
133915.0,1
147177.0,1
149868.0,1
150149.0,1
172476.0,1
180554.0,1
190024.0,1
195488.0,1
201792.0,1
205904.0,1
208358.0,1
223584.0,1
